country,ISO3,year,sex,registry_count,registry_scope,total_thyroid_cases,papillary_cases,follicular_cases,medullary_cases,anaplastic_cases,specified_other_cases,unspecified_cases,component_sum,reconciles_to_total,PTC_proportion_percent,FTC_proportion_percent,MTC_proportion_percent,ATC_proportion_percent,other_specified_proportion_percent,unspecified_proportion_percent,PTC_FTC_ratio,analytic_era,era_quality,fixed_break_model_eligible,primary_latency_break,denominator_status,microscopic_verification,source,source_url
Australia,AUS,1978,both,2,stable_subnational_composite,43,23,7,2,3,3,5,43,YES,53.48837209302326,16.27906976744186,4.651162790697675,6.976744186046512,6.976744186046512,11.627906976744185,3.2857142857142856,1978-1982_TWO_REGISTRIES,WEAK,NO,2014,THYROID_CASE_TOTAL_ONLY_COMPOSITIONAL_NO_POPULATION_DENOMINATOR,UNAVAILABLE_IN_OPEN_CI5PLUS_DETAILED_EXPORT,IARC CI5plus Detailed official morphology export,https://ci5.iarc.who.int/ci5plus/download/
Australia,AUS,1978,female,2,stable_subnational_composite,30,14,6,2,2,1,5,30,YES,46.666666666666664,20.0,6.666666666666667,6.666666666666667,3.3333333333333335,16.666666666666668,2.3333333333333335,1978-1982_TWO_REGISTRIES,WEAK,NO,2014,THYROID_CASE_TOTAL_ONLY_COMPOSITIONAL_NO_POPULATION_DENOMINATOR,UNAVAILABLE_IN_OPEN_CI5PLUS_DETAILED_EXPORT,IARC CI5plus Detailed official morphology export,https://ci5.iarc.who.int/ci5plus/download/
Australia,AUS,1978,male,2,stable_subnational_composite,13,9,1,0,1,2,0,13,YES,69.23076923076923,7.6923076923076925,0.0,7.6923076923076925,15.384615384615385,0.0,9.0,1978-1982_TWO_REGISTRIES,WEAK,NO,2014,THYROID_CASE_TOTAL_ONLY_COMPOSITIONAL_NO_POPULATION_DENOMINATOR,UNAVAILABLE_IN_OPEN_CI5PLUS_DETAILED_EXPORT,IARC CI5plus Detailed official morphology export,https://ci5.iarc.who.int/ci5plus/download/
Australia,AUS,1979,both,2,stable_subnational_composite,40,24,8,0,1,3,4,40,YES,60.0,20.0,0.0,2.5,7.5,10.0,3.0,1978-1982_TWO_REGISTRIES,WEAK,NO,2014,THYROID_CASE_TOTAL_ONLY_COMPOSITIONAL_NO_POPULATION_DENOMINATOR,UNAVAILABLE_IN_OPEN_CI5PLUS_DETAILED_EXPORT,IARC CI5plus Detailed official morphology export,https://ci5.iarc.who.int/ci5plus/download/
Australia,AUS,1979,female,2,stable_subnational_composite,30,16,8,0,0,3,3,30,YES,53.333333333333336,26.666666666666668,0.0,0.0,10.0,10.0,2.0,1978-1982_TWO_REGISTRIES,WEAK,NO,2014,THYROID_CASE_TOTAL_ONLY_COMPOSITIONAL_NO_POPULATION_DENOMINATOR,UNAVAILABLE_IN_OPEN_CI5PLUS_DETAILED_EXPORT,IARC CI5plus Detailed official morphology export,https://ci5.iarc.who.int/ci5plus/download/
Australia,AUS,1979,male,2,stable_subnational_composite,10,8,0,0,1,0,1,10,YES,80.0,0.0,0.0,10.0,0.0,10.0,,1978-1982_TWO_REGISTRIES,WEAK,NO,2014,THYROID_CASE_TOTAL_ONLY_COMPOSITIONAL_NO_POPULATION_DENOMINATOR,UNAVAILABLE_IN_OPEN_CI5PLUS_DETAILED_EXPORT,IARC CI5plus Detailed official morphology export,https://ci5.iarc.who.int/ci5plus/download/
Australia,AUS,1980,both,2,stable_subnational_composite,46,26,12,2,2,2,2,46,YES,56.52173913043478,26.08695652173913,4.3478260869565215,4.3478260869565215,4.3478260869565215,4.3478260869565215,2.1666666666666665,1978-1982_TWO_REGISTRIES,WEAK,NO,2014,THYROID_CASE_TOTAL_ONLY_COMPOSITIONAL_NO_POPULATION_DENOMINATOR,UNAVAILABLE_IN_OPEN_CI5PLUS_DETAILED_EXPORT,IARC CI5plus Detailed official morphology export,https://ci5.iarc.who.int/ci5plus/download/
Australia,AUS,1980,female,2,stable_subnational_composite,38,23,9,1,1,2,2,38,YES,60.526315789473685,23.68421052631579,2.6315789473684212,2.6315789473684212,5.2631578947368425,5.2631578947368425,2.5555555555555554,1978-1982_TWO_REGISTRIES,WEAK,NO,2014,THYROID_CASE_TOTAL_ONLY_COMPOSITIONAL_NO_POPULATION_DENOMINATOR,UNAVAILABLE_IN_OPEN_CI5PLUS_DETAILED_EXPORT,IARC CI5plus Detailed official morphology export,https://ci5.iarc.who.int/ci5plus/download/
Australia,AUS,1980,male,2,stable_subnational_composite,8,3,3,1,1,0,0,8,YES,37.5,37.5,12.5,12.5,0.0,0.0,1.0,1978-1982_TWO_REGISTRIES,WEAK,NO,2014,THYROID_CASE_TOTAL_ONLY_COMPOSITIONAL_NO_POPULATION_DENOMINATOR,UNAVAILABLE_IN_OPEN_CI5PLUS_DETAILED_EXPORT,IARC CI5plus Detailed official morphology export,https://ci5.iarc.who.int/ci5plus/download/
Australia,AUS,1981,both,2,stable_subnational_composite,49,30,14,1,2,2,0,49,YES,61.224489795918366,28.571428571428573,2.0408163265306123,4.081632653061225,4.081632653061225,0.0,2.142857142857143,1978-1982_TWO_REGISTRIES,WEAK,NO,2014,THYROID_CASE_TOTAL_ONLY_COMPOSITIONAL_NO_POPULATION_DENOMINATOR,UNAVAILABLE_IN_OPEN_CI5PLUS_DETAILED_EXPORT,IARC CI5plus Detailed official morphology export,https://ci5.iarc.who.int/ci5plus/download/
Australia,AUS,1981,female,2,stable_subnational_composite,30,18,9,1,1,1,0,30,YES,60.0,30.0,3.3333333333333335,3.3333333333333335,3.3333333333333335,0.0,2.0,1978-1982_TWO_REGISTRIES,WEAK,NO,2014,THYROID_CASE_TOTAL_ONLY_COMPOSITIONAL_NO_POPULATION_DENOMINATOR,UNAVAILABLE_IN_OPEN_CI5PLUS_DETAILED_EXPORT,IARC CI5plus Detailed official morphology export,https://ci5.iarc.who.int/ci5plus/download/
Australia,AUS,1981,male,2,stable_subnational_composite,19,12,5,0,1,1,0,19,YES,63.1578947368421,26.31578947368421,0.0,5.2631578947368425,5.2631578947368425,0.0,2.4,1978-1982_TWO_REGISTRIES,WEAK,NO,2014,THYROID_CASE_TOTAL_ONLY_COMPOSITIONAL_NO_POPULATION_DENOMINATOR,UNAVAILABLE_IN_OPEN_CI5PLUS_DETAILED_EXPORT,IARC CI5plus Detailed official morphology export,https://ci5.iarc.who.int/ci5plus/download/
Australia,AUS,1982,both,2,stable_subnational_composite,60,36,9,5,9,0,1,60,YES,60.0,15.0,8.333333333333334,15.0,0.0,1.6666666666666667,4.0,1978-1982_TWO_REGISTRIES,WEAK,NO,2014,THYROID_CASE_TOTAL_ONLY_COMPOSITIONAL_NO_POPULATION_DENOMINATOR,UNAVAILABLE_IN_OPEN_CI5PLUS_DETAILED_EXPORT,IARC CI5plus Detailed official morphology export,https://ci5.iarc.who.int/ci5plus/download/
Australia,AUS,1982,female,2,stable_subnational_composite,45,28,6,3,8,0,0,45,YES,62.22222222222222,13.333333333333334,6.666666666666667,17.77777777777778,0.0,0.0,4.666666666666667,1978-1982_TWO_REGISTRIES,WEAK,NO,2014,THYROID_CASE_TOTAL_ONLY_COMPOSITIONAL_NO_POPULATION_DENOMINATOR,UNAVAILABLE_IN_OPEN_CI5PLUS_DETAILED_EXPORT,IARC CI5plus Detailed official morphology export,https://ci5.iarc.who.int/ci5plus/download/
Australia,AUS,1982,male,2,stable_subnational_composite,15,8,3,2,1,0,1,15,YES,53.333333333333336,20.0,13.333333333333334,6.666666666666667,0.0,6.666666666666667,2.6666666666666665,1978-1982_TWO_REGISTRIES,WEAK,NO,2014,THYROID_CASE_TOTAL_ONLY_COMPOSITIONAL_NO_POPULATION_DENOMINATOR,UNAVAILABLE_IN_OPEN_CI5PLUS_DETAILED_EXPORT,IARC CI5plus Detailed official morphology export,https://ci5.iarc.who.int/ci5plus/download/
Australia,AUS,1983,both,5,stable_subnational_composite,335,191,72,9,15,24,24,335,YES,57.014925373134325,21.492537313432837,2.6865671641791047,4.477611940298507,7.164179104477612,7.164179104477612,2.6527777777777777,1983-1992_FIVE_REGISTRIES,WEAK,NO,2014,THYROID_CASE_TOTAL_ONLY_COMPOSITIONAL_NO_POPULATION_DENOMINATOR,UNAVAILABLE_IN_OPEN_CI5PLUS_DETAILED_EXPORT,IARC CI5plus Detailed official morphology export,https://ci5.iarc.who.int/ci5plus/download/
Australia,AUS,1983,female,5,stable_subnational_composite,251,154,50,5,12,13,17,251,YES,61.354581673306775,19.9203187250996,1.9920318725099602,4.780876494023905,5.179282868525896,6.772908366533865,3.08,1983-1992_FIVE_REGISTRIES,WEAK,NO,2014,THYROID_CASE_TOTAL_ONLY_COMPOSITIONAL_NO_POPULATION_DENOMINATOR,UNAVAILABLE_IN_OPEN_CI5PLUS_DETAILED_EXPORT,IARC CI5plus Detailed official morphology export,https://ci5.iarc.who.int/ci5plus/download/
Australia,AUS,1983,male,5,stable_subnational_composite,84,37,22,4,3,11,7,84,YES,44.04761904761905,26.19047619047619,4.761904761904762,3.5714285714285716,13.095238095238095,8.333333333333334,1.6818181818181819,1983-1992_FIVE_REGISTRIES,WEAK,NO,2014,THYROID_CASE_TOTAL_ONLY_COMPOSITIONAL_NO_POPULATION_DENOMINATOR,UNAVAILABLE_IN_OPEN_CI5PLUS_DETAILED_EXPORT,IARC CI5plus Detailed official morphology export,https://ci5.iarc.who.int/ci5plus/download/
Australia,AUS,1984,both,5,stable_subnational_composite,329,195,81,9,12,17,15,329,YES,59.27051671732523,24.620060790273556,2.735562310030395,3.6474164133738602,5.167173252279635,4.5592705167173255,2.4074074074074074,1983-1992_FIVE_REGISTRIES,WEAK,NO,2014,THYROID_CASE_TOTAL_ONLY_COMPOSITIONAL_NO_POPULATION_DENOMINATOR,UNAVAILABLE_IN_OPEN_CI5PLUS_DETAILED_EXPORT,IARC CI5plus Detailed official morphology export,https://ci5.iarc.who.int/ci5plus/download/
Australia,AUS,1984,female,5,stable_subnational_composite,233,143,58,4,10,8,10,233,YES,61.37339055793991,24.892703862660944,1.7167381974248928,4.291845493562231,3.4334763948497855,4.291845493562231,2.4655172413793105,1983-1992_FIVE_REGISTRIES,WEAK,NO,2014,THYROID_CASE_TOTAL_ONLY_COMPOSITIONAL_NO_POPULATION_DENOMINATOR,UNAVAILABLE_IN_OPEN_CI5PLUS_DETAILED_EXPORT,IARC CI5plus Detailed official morphology export,https://ci5.iarc.who.int/ci5plus/download/
Australia,AUS,1984,male,5,stable_subnational_composite,96,52,23,5,2,9,5,96,YES,54.166666666666664,23.958333333333332,5.208333333333333,2.0833333333333335,9.375,5.208333333333333,2.260869565217391,1983-1992_FIVE_REGISTRIES,WEAK,NO,2014,THYROID_CASE_TOTAL_ONLY_COMPOSITIONAL_NO_POPULATION_DENOMINATOR,UNAVAILABLE_IN_OPEN_CI5PLUS_DETAILED_EXPORT,IARC CI5plus Detailed official morphology export,https://ci5.iarc.who.int/ci5plus/download/
Australia,AUS,1985,both,5,stable_subnational_composite,341,197,79,12,16,16,21,341,YES,57.77126099706745,23.167155425219942,3.5190615835777126,4.69208211143695,4.69208211143695,6.158357771260997,2.4936708860759493,1983-1992_FIVE_REGISTRIES,WEAK,NO,2014,THYROID_CASE_TOTAL_ONLY_COMPOSITIONAL_NO_POPULATION_DENOMINATOR,UNAVAILABLE_IN_OPEN_CI5PLUS_DETAILED_EXPORT,IARC CI5plus Detailed official morphology export,https://ci5.iarc.who.int/ci5plus/download/
Australia,AUS,1985,female,5,stable_subnational_composite,239,132,58,9,13,10,17,239,YES,55.23012552301255,24.267782426778243,3.7656903765690375,5.439330543933054,4.184100418410042,7.112970711297071,2.2758620689655173,1983-1992_FIVE_REGISTRIES,WEAK,NO,2014,THYROID_CASE_TOTAL_ONLY_COMPOSITIONAL_NO_POPULATION_DENOMINATOR,UNAVAILABLE_IN_OPEN_CI5PLUS_DETAILED_EXPORT,IARC CI5plus Detailed official morphology export,https://ci5.iarc.who.int/ci5plus/download/
Australia,AUS,1985,male,5,stable_subnational_composite,102,65,21,3,3,6,4,102,YES,63.72549019607843,20.58823529411765,2.9411764705882355,2.9411764705882355,5.882352941176471,3.9215686274509802,3.0952380952380953,1983-1992_FIVE_REGISTRIES,WEAK,NO,2014,THYROID_CASE_TOTAL_ONLY_COMPOSITIONAL_NO_POPULATION_DENOMINATOR,UNAVAILABLE_IN_OPEN_CI5PLUS_DETAILED_EXPORT,IARC CI5plus Detailed official morphology export,https://ci5.iarc.who.int/ci5plus/download/
Australia,AUS,1986,both,5,stable_subnational_composite,353,205,74,22,21,7,24,353,YES,58.07365439093484,20.96317280453258,6.232294617563739,5.949008498583569,1.9830028328611897,6.798866855524079,2.77027027027027,1983-1992_FIVE_REGISTRIES,WEAK,NO,2014,THYROID_CASE_TOTAL_ONLY_COMPOSITIONAL_NO_POPULATION_DENOMINATOR,UNAVAILABLE_IN_OPEN_CI5PLUS_DETAILED_EXPORT,IARC CI5plus Detailed official morphology export,https://ci5.iarc.who.int/ci5plus/download/
Australia,AUS,1986,female,5,stable_subnational_composite,262,149,60,15,14,6,18,262,YES,56.87022900763359,22.900763358778626,5.7251908396946565,5.343511450381679,2.2900763358778624,6.870229007633588,2.4833333333333334,1983-1992_FIVE_REGISTRIES,WEAK,NO,2014,THYROID_CASE_TOTAL_ONLY_COMPOSITIONAL_NO_POPULATION_DENOMINATOR,UNAVAILABLE_IN_OPEN_CI5PLUS_DETAILED_EXPORT,IARC CI5plus Detailed official morphology export,https://ci5.iarc.who.int/ci5plus/download/
Australia,AUS,1986,male,5,stable_subnational_composite,91,56,14,7,7,1,6,91,YES,61.53846153846154,15.384615384615385,7.6923076923076925,7.6923076923076925,1.098901098901099,6.593406593406593,4.0,1983-1992_FIVE_REGISTRIES,WEAK,NO,2014,THYROID_CASE_TOTAL_ONLY_COMPOSITIONAL_NO_POPULATION_DENOMINATOR,UNAVAILABLE_IN_OPEN_CI5PLUS_DETAILED_EXPORT,IARC CI5plus Detailed official morphology export,https://ci5.iarc.who.int/ci5plus/download/
Australia,AUS,1987,both,5,stable_subnational_composite,380,222,95,21,17,9,16,380,YES,58.421052631578945,25.0,5.526315789473684,4.473684210526316,2.3684210526315788,4.2105263157894735,2.336842105263158,1983-1992_FIVE_REGISTRIES,WEAK,NO,2014,THYROID_CASE_TOTAL_ONLY_COMPOSITIONAL_NO_POPULATION_DENOMINATOR,UNAVAILABLE_IN_OPEN_CI5PLUS_DETAILED_EXPORT,IARC CI5plus Detailed official morphology export,https://ci5.iarc.who.int/ci5plus/download/
Australia,AUS,1987,female,5,stable_subnational_composite,284,168,75,11,14,6,10,284,YES,59.15492957746479,26.408450704225352,3.8732394366197185,4.929577464788732,2.112676056338028,3.5211267605633805,2.24,1983-1992_FIVE_REGISTRIES,WEAK,NO,2014,THYROID_CASE_TOTAL_ONLY_COMPOSITIONAL_NO_POPULATION_DENOMINATOR,UNAVAILABLE_IN_OPEN_CI5PLUS_DETAILED_EXPORT,IARC CI5plus Detailed official morphology export,https://ci5.iarc.who.int/ci5plus/download/
Australia,AUS,1987,male,5,stable_subnational_composite,96,54,20,10,3,3,6,96,YES,56.25,20.833333333333332,10.416666666666666,3.125,3.125,6.25,2.7,1983-1992_FIVE_REGISTRIES,WEAK,NO,2014,THYROID_CASE_TOTAL_ONLY_COMPOSITIONAL_NO_POPULATION_DENOMINATOR,UNAVAILABLE_IN_OPEN_CI5PLUS_DETAILED_EXPORT,IARC CI5plus Detailed official morphology export,https://ci5.iarc.who.int/ci5plus/download/
Australia,AUS,1988,both,5,stable_subnational_composite,396,257,83,16,18,7,15,396,YES,64.8989898989899,20.95959595959596,4.040404040404041,4.545454545454546,1.7676767676767677,3.787878787878788,3.0963855421686746,1983-1992_FIVE_REGISTRIES,WEAK,NO,2014,THYROID_CASE_TOTAL_ONLY_COMPOSITIONAL_NO_POPULATION_DENOMINATOR,UNAVAILABLE_IN_OPEN_CI5PLUS_DETAILED_EXPORT,IARC CI5plus Detailed official morphology export,https://ci5.iarc.who.int/ci5plus/download/
Australia,AUS,1988,female,5,stable_subnational_composite,292,196,61,10,10,3,12,292,YES,67.12328767123287,20.89041095890411,3.4246575342465753,3.4246575342465753,1.0273972602739727,4.109589041095891,3.2131147540983607,1983-1992_FIVE_REGISTRIES,WEAK,NO,2014,THYROID_CASE_TOTAL_ONLY_COMPOSITIONAL_NO_POPULATION_DENOMINATOR,UNAVAILABLE_IN_OPEN_CI5PLUS_DETAILED_EXPORT,IARC CI5plus Detailed official morphology export,https://ci5.iarc.who.int/ci5plus/download/
Australia,AUS,1988,male,5,stable_subnational_composite,104,61,22,6,8,4,3,104,YES,58.65384615384615,21.153846153846153,5.769230769230769,7.6923076923076925,3.8461538461538463,2.8846153846153846,2.772727272727273,1983-1992_FIVE_REGISTRIES,WEAK,NO,2014,THYROID_CASE_TOTAL_ONLY_COMPOSITIONAL_NO_POPULATION_DENOMINATOR,UNAVAILABLE_IN_OPEN_CI5PLUS_DETAILED_EXPORT,IARC CI5plus Detailed official morphology export,https://ci5.iarc.who.int/ci5plus/download/
Australia,AUS,1989,both,5,stable_subnational_composite,385,249,79,19,9,9,20,385,YES,64.67532467532467,20.51948051948052,4.935064935064935,2.3376623376623376,2.3376623376623376,5.194805194805195,3.151898734177215,1983-1992_FIVE_REGISTRIES,WEAK,NO,2014,THYROID_CASE_TOTAL_ONLY_COMPOSITIONAL_NO_POPULATION_DENOMINATOR,UNAVAILABLE_IN_OPEN_CI5PLUS_DETAILED_EXPORT,IARC CI5plus Detailed official morphology export,https://ci5.iarc.who.int/ci5plus/download/
Australia,AUS,1989,female,5,stable_subnational_composite,273,176,57,12,6,7,15,273,YES,64.46886446886447,20.87912087912088,4.395604395604396,2.197802197802198,2.5641025641025643,5.4945054945054945,3.087719298245614,1983-1992_FIVE_REGISTRIES,WEAK,NO,2014,THYROID_CASE_TOTAL_ONLY_COMPOSITIONAL_NO_POPULATION_DENOMINATOR,UNAVAILABLE_IN_OPEN_CI5PLUS_DETAILED_EXPORT,IARC CI5plus Detailed official morphology export,https://ci5.iarc.who.int/ci5plus/download/
Australia,AUS,1989,male,5,stable_subnational_composite,112,73,22,7,3,2,5,112,YES,65.17857142857143,19.642857142857142,6.25,2.6785714285714284,1.7857142857142858,4.464285714285714,3.3181818181818183,1983-1992_FIVE_REGISTRIES,WEAK,NO,2014,THYROID_CASE_TOTAL_ONLY_COMPOSITIONAL_NO_POPULATION_DENOMINATOR,UNAVAILABLE_IN_OPEN_CI5PLUS_DETAILED_EXPORT,IARC CI5plus Detailed official morphology export,https://ci5.iarc.who.int/ci5plus/download/
Australia,AUS,1990,both,5,stable_subnational_composite,428,276,96,16,12,8,20,428,YES,64.48598130841121,22.429906542056074,3.7383177570093458,2.803738317757009,1.8691588785046729,4.672897196261682,2.875,1983-1992_FIVE_REGISTRIES,WEAK,NO,2014,THYROID_CASE_TOTAL_ONLY_COMPOSITIONAL_NO_POPULATION_DENOMINATOR,UNAVAILABLE_IN_OPEN_CI5PLUS_DETAILED_EXPORT,IARC CI5plus Detailed official morphology export,https://ci5.iarc.who.int/ci5plus/download/
Australia,AUS,1990,female,5,stable_subnational_composite,298,203,63,7,9,4,12,298,YES,68.12080536912751,21.140939597315437,2.348993288590604,3.0201342281879193,1.342281879194631,4.026845637583893,3.2222222222222223,1983-1992_FIVE_REGISTRIES,WEAK,NO,2014,THYROID_CASE_TOTAL_ONLY_COMPOSITIONAL_NO_POPULATION_DENOMINATOR,UNAVAILABLE_IN_OPEN_CI5PLUS_DETAILED_EXPORT,IARC CI5plus Detailed official morphology export,https://ci5.iarc.who.int/ci5plus/download/
Australia,AUS,1990,male,5,stable_subnational_composite,130,73,33,9,3,4,8,130,YES,56.15384615384615,25.384615384615383,6.923076923076923,2.3076923076923075,3.076923076923077,6.153846153846154,2.212121212121212,1983-1992_FIVE_REGISTRIES,WEAK,NO,2014,THYROID_CASE_TOTAL_ONLY_COMPOSITIONAL_NO_POPULATION_DENOMINATOR,UNAVAILABLE_IN_OPEN_CI5PLUS_DETAILED_EXPORT,IARC CI5plus Detailed official morphology export,https://ci5.iarc.who.int/ci5plus/download/
Australia,AUS,1991,both,5,stable_subnational_composite,471,320,92,25,19,4,11,471,YES,67.94055201698514,19.532908704883226,5.307855626326964,4.033970276008493,0.8492569002123143,2.335456475583864,3.4782608695652173,1983-1992_FIVE_REGISTRIES,WEAK,NO,2014,THYROID_CASE_TOTAL_ONLY_COMPOSITIONAL_NO_POPULATION_DENOMINATOR,UNAVAILABLE_IN_OPEN_CI5PLUS_DETAILED_EXPORT,IARC CI5plus Detailed official morphology export,https://ci5.iarc.who.int/ci5plus/download/
Australia,AUS,1991,female,5,stable_subnational_composite,335,240,59,12,13,1,10,335,YES,71.64179104477611,17.611940298507463,3.582089552238806,3.8805970149253732,0.29850746268656714,2.985074626865672,4.067796610169491,1983-1992_FIVE_REGISTRIES,WEAK,NO,2014,THYROID_CASE_TOTAL_ONLY_COMPOSITIONAL_NO_POPULATION_DENOMINATOR,UNAVAILABLE_IN_OPEN_CI5PLUS_DETAILED_EXPORT,IARC CI5plus Detailed official morphology export,https://ci5.iarc.who.int/ci5plus/download/
Australia,AUS,1991,male,5,stable_subnational_composite,136,80,33,13,6,3,1,136,YES,58.8235294117647,24.264705882352942,9.558823529411764,4.411764705882353,2.2058823529411766,0.7352941176470589,2.4242424242424243,1983-1992_FIVE_REGISTRIES,WEAK,NO,2014,THYROID_CASE_TOTAL_ONLY_COMPOSITIONAL_NO_POPULATION_DENOMINATOR,UNAVAILABLE_IN_OPEN_CI5PLUS_DETAILED_EXPORT,IARC CI5plus Detailed official morphology export,https://ci5.iarc.who.int/ci5plus/download/
Australia,AUS,1992,both,5,stable_subnational_composite,563,379,123,26,14,6,15,563,YES,67.31793960923623,21.847246891651864,4.618117229129663,2.4866785079928952,1.0657193605683837,2.664298401420959,3.0813008130081303,1983-1992_FIVE_REGISTRIES,WEAK,NO,2014,THYROID_CASE_TOTAL_ONLY_COMPOSITIONAL_NO_POPULATION_DENOMINATOR,UNAVAILABLE_IN_OPEN_CI5PLUS_DETAILED_EXPORT,IARC CI5plus Detailed official morphology export,https://ci5.iarc.who.int/ci5plus/download/
Australia,AUS,1992,female,5,stable_subnational_composite,411,294,82,12,8,4,11,411,YES,71.53284671532846,19.951338199513383,2.9197080291970803,1.9464720194647203,0.9732360097323601,2.67639902676399,3.5853658536585367,1983-1992_FIVE_REGISTRIES,WEAK,NO,2014,THYROID_CASE_TOTAL_ONLY_COMPOSITIONAL_NO_POPULATION_DENOMINATOR,UNAVAILABLE_IN_OPEN_CI5PLUS_DETAILED_EXPORT,IARC CI5plus Detailed official morphology export,https://ci5.iarc.who.int/ci5plus/download/
Australia,AUS,1992,male,5,stable_subnational_composite,152,85,41,14,6,2,4,152,YES,55.921052631578945,26.973684210526315,9.210526315789474,3.9473684210526314,1.3157894736842106,2.6315789473684212,2.073170731707317,1983-1992_FIVE_REGISTRIES,WEAK,NO,2014,THYROID_CASE_TOTAL_ONLY_COMPOSITIONAL_NO_POPULATION_DENOMINATOR,UNAVAILABLE_IN_OPEN_CI5PLUS_DETAILED_EXPORT,IARC CI5plus Detailed official morphology export,https://ci5.iarc.who.int/ci5plus/download/
Australia,AUS,1993,both,7,stable_subnational_composite,678,471,123,38,13,10,23,678,YES,69.46902654867256,18.141592920353983,5.6047197640118,1.9174041297935103,1.4749262536873156,3.392330383480826,3.8292682926829267,1993-2017_SEVEN_STABLE_REGISTRIES,MODERATE,YES_LOW_POSTBREAK_INFORMATION,2014,THYROID_CASE_TOTAL_ONLY_COMPOSITIONAL_NO_POPULATION_DENOMINATOR,UNAVAILABLE_IN_OPEN_CI5PLUS_DETAILED_EXPORT,IARC CI5plus Detailed official morphology export,https://ci5.iarc.who.int/ci5plus/download/
Australia,AUS,1993,female,7,stable_subnational_composite,527,380,97,20,7,7,16,527,YES,72.10626185958255,18.40607210626186,3.795066413662239,1.3282732447817838,1.3282732447817838,3.0360531309297913,3.917525773195876,1993-2017_SEVEN_STABLE_REGISTRIES,MODERATE,YES_LOW_POSTBREAK_INFORMATION,2014,THYROID_CASE_TOTAL_ONLY_COMPOSITIONAL_NO_POPULATION_DENOMINATOR,UNAVAILABLE_IN_OPEN_CI5PLUS_DETAILED_EXPORT,IARC CI5plus Detailed official morphology export,https://ci5.iarc.who.int/ci5plus/download/
Australia,AUS,1993,male,7,stable_subnational_composite,151,91,26,18,6,3,7,151,YES,60.264900662251655,17.218543046357617,11.920529801324504,3.9735099337748343,1.9867549668874172,4.635761589403973,3.5,1993-2017_SEVEN_STABLE_REGISTRIES,MODERATE,YES_LOW_POSTBREAK_INFORMATION,2014,THYROID_CASE_TOTAL_ONLY_COMPOSITIONAL_NO_POPULATION_DENOMINATOR,UNAVAILABLE_IN_OPEN_CI5PLUS_DETAILED_EXPORT,IARC CI5plus Detailed official morphology export,https://ci5.iarc.who.int/ci5plus/download/
Australia,AUS,1994,both,7,stable_subnational_composite,729,529,122,30,11,7,30,729,YES,72.56515775034293,16.73525377229081,4.11522633744856,1.5089163237311385,0.9602194787379973,4.11522633744856,4.336065573770492,1993-2017_SEVEN_STABLE_REGISTRIES,MODERATE,YES_LOW_POSTBREAK_INFORMATION,2014,THYROID_CASE_TOTAL_ONLY_COMPOSITIONAL_NO_POPULATION_DENOMINATOR,UNAVAILABLE_IN_OPEN_CI5PLUS_DETAILED_EXPORT,IARC CI5plus Detailed official morphology export,https://ci5.iarc.who.int/ci5plus/download/
Australia,AUS,1994,female,7,stable_subnational_composite,545,401,95,18,7,5,19,545,YES,73.57798165137615,17.431192660550458,3.302752293577982,1.2844036697247707,0.9174311926605505,3.4862385321100917,4.221052631578948,1993-2017_SEVEN_STABLE_REGISTRIES,MODERATE,YES_LOW_POSTBREAK_INFORMATION,2014,THYROID_CASE_TOTAL_ONLY_COMPOSITIONAL_NO_POPULATION_DENOMINATOR,UNAVAILABLE_IN_OPEN_CI5PLUS_DETAILED_EXPORT,IARC CI5plus Detailed official morphology export,https://ci5.iarc.who.int/ci5plus/download/
Australia,AUS,1994,male,7,stable_subnational_composite,184,128,27,12,4,2,11,184,YES,69.56521739130434,14.673913043478262,6.521739130434782,2.1739130434782608,1.0869565217391304,5.978260869565218,4.7407407407407405,1993-2017_SEVEN_STABLE_REGISTRIES,MODERATE,YES_LOW_POSTBREAK_INFORMATION,2014,THYROID_CASE_TOTAL_ONLY_COMPOSITIONAL_NO_POPULATION_DENOMINATOR,UNAVAILABLE_IN_OPEN_CI5PLUS_DETAILED_EXPORT,IARC CI5plus Detailed official morphology export,https://ci5.iarc.who.int/ci5plus/download/
Australia,AUS,1995,both,7,stable_subnational_composite,812,578,167,30,12,5,20,812,YES,71.18226600985221,20.56650246305419,3.6945812807881775,1.477832512315271,0.6157635467980296,2.4630541871921183,3.461077844311377,1993-2017_SEVEN_STABLE_REGISTRIES,MODERATE,YES_LOW_POSTBREAK_INFORMATION,2014,THYROID_CASE_TOTAL_ONLY_COMPOSITIONAL_NO_POPULATION_DENOMINATOR,UNAVAILABLE_IN_OPEN_CI5PLUS_DETAILED_EXPORT,IARC CI5plus Detailed official morphology export,https://ci5.iarc.who.int/ci5plus/download/
Australia,AUS,1995,female,7,stable_subnational_composite,610,440,125,17,6,5,17,610,YES,72.1311475409836,20.491803278688526,2.7868852459016393,0.9836065573770492,0.819672131147541,2.7868852459016393,3.52,1993-2017_SEVEN_STABLE_REGISTRIES,MODERATE,YES_LOW_POSTBREAK_INFORMATION,2014,THYROID_CASE_TOTAL_ONLY_COMPOSITIONAL_NO_POPULATION_DENOMINATOR,UNAVAILABLE_IN_OPEN_CI5PLUS_DETAILED_EXPORT,IARC CI5plus Detailed official morphology export,https://ci5.iarc.who.int/ci5plus/download/
Australia,AUS,1995,male,7,stable_subnational_composite,202,138,42,13,6,0,3,202,YES,68.31683168316832,20.792079207920793,6.435643564356436,2.9702970297029703,0.0,1.4851485148514851,3.2857142857142856,1993-2017_SEVEN_STABLE_REGISTRIES,MODERATE,YES_LOW_POSTBREAK_INFORMATION,2014,THYROID_CASE_TOTAL_ONLY_COMPOSITIONAL_NO_POPULATION_DENOMINATOR,UNAVAILABLE_IN_OPEN_CI5PLUS_DETAILED_EXPORT,IARC CI5plus Detailed official morphology export,https://ci5.iarc.who.int/ci5plus/download/
Australia,AUS,1996,both,7,stable_subnational_composite,905,648,165,34,17,11,30,905,YES,71.60220994475138,18.23204419889503,3.7569060773480665,1.8784530386740332,1.2154696132596685,3.314917127071823,3.9272727272727272,1993-2017_SEVEN_STABLE_REGISTRIES,MODERATE,YES_LOW_POSTBREAK_INFORMATION,2014,THYROID_CASE_TOTAL_ONLY_COMPOSITIONAL_NO_POPULATION_DENOMINATOR,UNAVAILABLE_IN_OPEN_CI5PLUS_DETAILED_EXPORT,IARC CI5plus Detailed official morphology export,https://ci5.iarc.who.int/ci5plus/download/
Australia,AUS,1996,female,7,stable_subnational_composite,657,488,117,16,10,10,16,657,YES,74.27701674277017,17.80821917808219,2.43531202435312,1.5220700152207,1.5220700152207,2.43531202435312,4.170940170940171,1993-2017_SEVEN_STABLE_REGISTRIES,MODERATE,YES_LOW_POSTBREAK_INFORMATION,2014,THYROID_CASE_TOTAL_ONLY_COMPOSITIONAL_NO_POPULATION_DENOMINATOR,UNAVAILABLE_IN_OPEN_CI5PLUS_DETAILED_EXPORT,IARC CI5plus Detailed official morphology export,https://ci5.iarc.who.int/ci5plus/download/
Australia,AUS,1996,male,7,stable_subnational_composite,248,160,48,18,7,1,14,248,YES,64.51612903225806,19.35483870967742,7.258064516129032,2.8225806451612905,0.4032258064516129,5.645161290322581,3.3333333333333335,1993-2017_SEVEN_STABLE_REGISTRIES,MODERATE,YES_LOW_POSTBREAK_INFORMATION,2014,THYROID_CASE_TOTAL_ONLY_COMPOSITIONAL_NO_POPULATION_DENOMINATOR,UNAVAILABLE_IN_OPEN_CI5PLUS_DETAILED_EXPORT,IARC CI5plus Detailed official morphology export,https://ci5.iarc.who.int/ci5plus/download/
Australia,AUS,1997,both,7,stable_subnational_composite,864,637,152,32,16,5,22,864,YES,73.72685185185185,17.59259259259259,3.7037037037037037,1.8518518518518519,0.5787037037037037,2.5462962962962963,4.190789473684211,1993-2017_SEVEN_STABLE_REGISTRIES,MODERATE,YES_LOW_POSTBREAK_INFORMATION,2014,THYROID_CASE_TOTAL_ONLY_COMPOSITIONAL_NO_POPULATION_DENOMINATOR,UNAVAILABLE_IN_OPEN_CI5PLUS_DETAILED_EXPORT,IARC CI5plus Detailed official morphology export,https://ci5.iarc.who.int/ci5plus/download/
Australia,AUS,1997,female,7,stable_subnational_composite,637,478,111,16,10,3,19,637,YES,75.03924646781789,17.425431711145997,2.511773940345369,1.5698587127158556,0.47095761381475665,2.9827315541601256,4.306306306306307,1993-2017_SEVEN_STABLE_REGISTRIES,MODERATE,YES_LOW_POSTBREAK_INFORMATION,2014,THYROID_CASE_TOTAL_ONLY_COMPOSITIONAL_NO_POPULATION_DENOMINATOR,UNAVAILABLE_IN_OPEN_CI5PLUS_DETAILED_EXPORT,IARC CI5plus Detailed official morphology export,https://ci5.iarc.who.int/ci5plus/download/
Australia,AUS,1997,male,7,stable_subnational_composite,227,159,41,16,6,2,3,227,YES,70.04405286343612,18.061674008810574,7.048458149779735,2.643171806167401,0.8810572687224669,1.3215859030837005,3.8780487804878048,1993-2017_SEVEN_STABLE_REGISTRIES,MODERATE,YES_LOW_POSTBREAK_INFORMATION,2014,THYROID_CASE_TOTAL_ONLY_COMPOSITIONAL_NO_POPULATION_DENOMINATOR,UNAVAILABLE_IN_OPEN_CI5PLUS_DETAILED_EXPORT,IARC CI5plus Detailed official morphology export,https://ci5.iarc.who.int/ci5plus/download/
Australia,AUS,1998,both,7,stable_subnational_composite,990,747,154,31,21,9,28,990,YES,75.45454545454545,15.555555555555555,3.1313131313131315,2.121212121212121,0.9090909090909091,2.8282828282828283,4.85064935064935,1993-2017_SEVEN_STABLE_REGISTRIES,MODERATE,YES_LOW_POSTBREAK_INFORMATION,2014,THYROID_CASE_TOTAL_ONLY_COMPOSITIONAL_NO_POPULATION_DENOMINATOR,UNAVAILABLE_IN_OPEN_CI5PLUS_DETAILED_EXPORT,IARC CI5plus Detailed official morphology export,https://ci5.iarc.who.int/ci5plus/download/
Australia,AUS,1998,female,7,stable_subnational_composite,726,561,109,16,11,5,24,726,YES,77.27272727272727,15.013774104683195,2.203856749311295,1.5151515151515151,0.6887052341597796,3.3057851239669422,5.146788990825688,1993-2017_SEVEN_STABLE_REGISTRIES,MODERATE,YES_LOW_POSTBREAK_INFORMATION,2014,THYROID_CASE_TOTAL_ONLY_COMPOSITIONAL_NO_POPULATION_DENOMINATOR,UNAVAILABLE_IN_OPEN_CI5PLUS_DETAILED_EXPORT,IARC CI5plus Detailed official morphology export,https://ci5.iarc.who.int/ci5plus/download/
Australia,AUS,1998,male,7,stable_subnational_composite,264,186,45,15,10,4,4,264,YES,70.45454545454545,17.045454545454547,5.681818181818182,3.787878787878788,1.5151515151515151,1.5151515151515151,4.133333333333334,1993-2017_SEVEN_STABLE_REGISTRIES,MODERATE,YES_LOW_POSTBREAK_INFORMATION,2014,THYROID_CASE_TOTAL_ONLY_COMPOSITIONAL_NO_POPULATION_DENOMINATOR,UNAVAILABLE_IN_OPEN_CI5PLUS_DETAILED_EXPORT,IARC CI5plus Detailed official morphology export,https://ci5.iarc.who.int/ci5plus/download/
Australia,AUS,1999,both,7,stable_subnational_composite,1009,745,167,36,22,2,37,1009,YES,73.83548067393458,16.55104063429138,3.5678889990089195,2.180376610505451,0.19821605550049554,3.6669970267591676,4.461077844311378,1993-2017_SEVEN_STABLE_REGISTRIES,MODERATE,YES_LOW_POSTBREAK_INFORMATION,2014,THYROID_CASE_TOTAL_ONLY_COMPOSITIONAL_NO_POPULATION_DENOMINATOR,UNAVAILABLE_IN_OPEN_CI5PLUS_DETAILED_EXPORT,IARC CI5plus Detailed official morphology export,https://ci5.iarc.who.int/ci5plus/download/
Australia,AUS,1999,female,7,stable_subnational_composite,756,563,129,24,13,1,26,756,YES,74.47089947089947,17.063492063492063,3.1746031746031744,1.7195767195767195,0.13227513227513227,3.439153439153439,4.364341085271318,1993-2017_SEVEN_STABLE_REGISTRIES,MODERATE,YES_LOW_POSTBREAK_INFORMATION,2014,THYROID_CASE_TOTAL_ONLY_COMPOSITIONAL_NO_POPULATION_DENOMINATOR,UNAVAILABLE_IN_OPEN_CI5PLUS_DETAILED_EXPORT,IARC CI5plus Detailed official morphology export,https://ci5.iarc.who.int/ci5plus/download/
Australia,AUS,1999,male,7,stable_subnational_composite,253,182,38,12,9,1,11,253,YES,71.93675889328063,15.019762845849803,4.743083003952569,3.5573122529644268,0.3952569169960474,4.3478260869565215,4.7894736842105265,1993-2017_SEVEN_STABLE_REGISTRIES,MODERATE,YES_LOW_POSTBREAK_INFORMATION,2014,THYROID_CASE_TOTAL_ONLY_COMPOSITIONAL_NO_POPULATION_DENOMINATOR,UNAVAILABLE_IN_OPEN_CI5PLUS_DETAILED_EXPORT,IARC CI5plus Detailed official morphology export,https://ci5.iarc.who.int/ci5plus/download/
Australia,AUS,2000,both,7,stable_subnational_composite,1059,782,174,33,30,6,34,1059,YES,73.84324834749764,16.430594900849858,3.1161473087818696,2.8328611898016995,0.56657223796034,3.210576015108593,4.494252873563219,1993-2017_SEVEN_STABLE_REGISTRIES,MODERATE,YES_LOW_POSTBREAK_INFORMATION,2014,THYROID_CASE_TOTAL_ONLY_COMPOSITIONAL_NO_POPULATION_DENOMINATOR,UNAVAILABLE_IN_OPEN_CI5PLUS_DETAILED_EXPORT,IARC CI5plus Detailed official morphology export,https://ci5.iarc.who.int/ci5plus/download/
Australia,AUS,2000,female,7,stable_subnational_composite,784,589,129,20,16,4,26,784,YES,75.12755102040816,16.45408163265306,2.5510204081632653,2.0408163265306123,0.5102040816326531,3.316326530612245,4.565891472868217,1993-2017_SEVEN_STABLE_REGISTRIES,MODERATE,YES_LOW_POSTBREAK_INFORMATION,2014,THYROID_CASE_TOTAL_ONLY_COMPOSITIONAL_NO_POPULATION_DENOMINATOR,UNAVAILABLE_IN_OPEN_CI5PLUS_DETAILED_EXPORT,IARC CI5plus Detailed official morphology export,https://ci5.iarc.who.int/ci5plus/download/
Australia,AUS,2000,male,7,stable_subnational_composite,275,193,45,13,14,2,8,275,YES,70.18181818181819,16.363636363636363,4.7272727272727275,5.090909090909091,0.7272727272727273,2.909090909090909,4.288888888888889,1993-2017_SEVEN_STABLE_REGISTRIES,MODERATE,YES_LOW_POSTBREAK_INFORMATION,2014,THYROID_CASE_TOTAL_ONLY_COMPOSITIONAL_NO_POPULATION_DENOMINATOR,UNAVAILABLE_IN_OPEN_CI5PLUS_DETAILED_EXPORT,IARC CI5plus Detailed official morphology export,https://ci5.iarc.who.int/ci5plus/download/
Australia,AUS,2001,both,7,stable_subnational_composite,1201,897,205,38,17,13,31,1201,YES,74.68776019983348,17.069109075770193,3.164029975020816,1.4154870940882598,1.0824313072439633,2.5811823480432974,4.375609756097561,1993-2017_SEVEN_STABLE_REGISTRIES,MODERATE,YES_LOW_POSTBREAK_INFORMATION,2014,THYROID_CASE_TOTAL_ONLY_COMPOSITIONAL_NO_POPULATION_DENOMINATOR,UNAVAILABLE_IN_OPEN_CI5PLUS_DETAILED_EXPORT,IARC CI5plus Detailed official morphology export,https://ci5.iarc.who.int/ci5plus/download/
Australia,AUS,2001,female,7,stable_subnational_composite,898,688,148,20,12,6,24,898,YES,76.61469933184856,16.481069042316257,2.2271714922048997,1.3363028953229399,0.6681514476614699,2.6726057906458798,4.648648648648648,1993-2017_SEVEN_STABLE_REGISTRIES,MODERATE,YES_LOW_POSTBREAK_INFORMATION,2014,THYROID_CASE_TOTAL_ONLY_COMPOSITIONAL_NO_POPULATION_DENOMINATOR,UNAVAILABLE_IN_OPEN_CI5PLUS_DETAILED_EXPORT,IARC CI5plus Detailed official morphology export,https://ci5.iarc.who.int/ci5plus/download/
Australia,AUS,2001,male,7,stable_subnational_composite,303,209,57,18,5,7,7,303,YES,68.97689768976898,18.81188118811881,5.9405940594059405,1.6501650165016502,2.31023102310231,2.31023102310231,3.6666666666666665,1993-2017_SEVEN_STABLE_REGISTRIES,MODERATE,YES_LOW_POSTBREAK_INFORMATION,2014,THYROID_CASE_TOTAL_ONLY_COMPOSITIONAL_NO_POPULATION_DENOMINATOR,UNAVAILABLE_IN_OPEN_CI5PLUS_DETAILED_EXPORT,IARC CI5plus Detailed official morphology export,https://ci5.iarc.who.int/ci5plus/download/
Australia,AUS,2002,both,7,stable_subnational_composite,1214,912,193,41,23,9,36,1214,YES,75.12355848434926,15.897858319604612,3.3772652388797364,1.8945634266886326,0.7413509060955519,2.9654036243822075,4.725388601036269,1993-2017_SEVEN_STABLE_REGISTRIES,MODERATE,YES_LOW_POSTBREAK_INFORMATION,2014,THYROID_CASE_TOTAL_ONLY_COMPOSITIONAL_NO_POPULATION_DENOMINATOR,UNAVAILABLE_IN_OPEN_CI5PLUS_DETAILED_EXPORT,IARC CI5plus Detailed official morphology export,https://ci5.iarc.who.int/ci5plus/download/
Australia,AUS,2002,female,7,stable_subnational_composite,927,721,138,25,13,6,24,927,YES,77.77777777777777,14.88673139158576,2.696871628910464,1.4023732470334411,0.6472491909385113,2.588996763754045,5.22463768115942,1993-2017_SEVEN_STABLE_REGISTRIES,MODERATE,YES_LOW_POSTBREAK_INFORMATION,2014,THYROID_CASE_TOTAL_ONLY_COMPOSITIONAL_NO_POPULATION_DENOMINATOR,UNAVAILABLE_IN_OPEN_CI5PLUS_DETAILED_EXPORT,IARC CI5plus Detailed official morphology export,https://ci5.iarc.who.int/ci5plus/download/
Australia,AUS,2002,male,7,stable_subnational_composite,287,191,55,16,10,3,12,287,YES,66.55052264808363,19.16376306620209,5.574912891986063,3.484320557491289,1.0452961672473868,4.181184668989547,3.4727272727272727,1993-2017_SEVEN_STABLE_REGISTRIES,MODERATE,YES_LOW_POSTBREAK_INFORMATION,2014,THYROID_CASE_TOTAL_ONLY_COMPOSITIONAL_NO_POPULATION_DENOMINATOR,UNAVAILABLE_IN_OPEN_CI5PLUS_DETAILED_EXPORT,IARC CI5plus Detailed official morphology export,https://ci5.iarc.who.int/ci5plus/download/
Australia,AUS,2003,both,7,stable_subnational_composite,1413,1092,219,42,19,18,23,1413,YES,77.2823779193206,15.498938428874734,2.9723991507430996,1.3446567586694975,1.2738853503184713,1.6277423920736023,4.986301369863014,1993-2017_SEVEN_STABLE_REGISTRIES,MODERATE,YES_LOW_POSTBREAK_INFORMATION,2014,THYROID_CASE_TOTAL_ONLY_COMPOSITIONAL_NO_POPULATION_DENOMINATOR,UNAVAILABLE_IN_OPEN_CI5PLUS_DETAILED_EXPORT,IARC CI5plus Detailed official morphology export,https://ci5.iarc.who.int/ci5plus/download/
Australia,AUS,2003,female,7,stable_subnational_composite,1055,837,153,25,9,14,17,1055,YES,79.33649289099526,14.502369668246445,2.3696682464454977,0.8530805687203792,1.3270142180094786,1.6113744075829384,5.470588235294118,1993-2017_SEVEN_STABLE_REGISTRIES,MODERATE,YES_LOW_POSTBREAK_INFORMATION,2014,THYROID_CASE_TOTAL_ONLY_COMPOSITIONAL_NO_POPULATION_DENOMINATOR,UNAVAILABLE_IN_OPEN_CI5PLUS_DETAILED_EXPORT,IARC CI5plus Detailed official morphology export,https://ci5.iarc.who.int/ci5plus/download/
Australia,AUS,2003,male,7,stable_subnational_composite,358,255,66,17,10,4,6,358,YES,71.22905027932961,18.435754189944134,4.748603351955308,2.793296089385475,1.1173184357541899,1.675977653631285,3.8636363636363638,1993-2017_SEVEN_STABLE_REGISTRIES,MODERATE,YES_LOW_POSTBREAK_INFORMATION,2014,THYROID_CASE_TOTAL_ONLY_COMPOSITIONAL_NO_POPULATION_DENOMINATOR,UNAVAILABLE_IN_OPEN_CI5PLUS_DETAILED_EXPORT,IARC CI5plus Detailed official morphology export,https://ci5.iarc.who.int/ci5plus/download/
Australia,AUS,2004,both,7,stable_subnational_composite,1501,1173,214,40,28,27,19,1501,YES,78.1479013990673,14.257161892071952,2.664890073284477,1.8654230512991339,1.798800799467022,1.2658227848101267,5.481308411214953,1993-2017_SEVEN_STABLE_REGISTRIES,MODERATE,YES_LOW_POSTBREAK_INFORMATION,2014,THYROID_CASE_TOTAL_ONLY_COMPOSITIONAL_NO_POPULATION_DENOMINATOR,UNAVAILABLE_IN_OPEN_CI5PLUS_DETAILED_EXPORT,IARC CI5plus Detailed official morphology export,https://ci5.iarc.who.int/ci5plus/download/
Australia,AUS,2004,female,7,stable_subnational_composite,1126,902,154,21,17,16,16,1126,YES,80.10657193605684,13.676731793960924,1.8650088809946714,1.5097690941385435,1.4209591474245116,1.4209591474245116,5.857142857142857,1993-2017_SEVEN_STABLE_REGISTRIES,MODERATE,YES_LOW_POSTBREAK_INFORMATION,2014,THYROID_CASE_TOTAL_ONLY_COMPOSITIONAL_NO_POPULATION_DENOMINATOR,UNAVAILABLE_IN_OPEN_CI5PLUS_DETAILED_EXPORT,IARC CI5plus Detailed official morphology export,https://ci5.iarc.who.int/ci5plus/download/
Australia,AUS,2004,male,7,stable_subnational_composite,375,271,60,19,11,11,3,375,YES,72.26666666666667,16.0,5.066666666666666,2.933333333333333,2.933333333333333,0.8,4.516666666666667,1993-2017_SEVEN_STABLE_REGISTRIES,MODERATE,YES_LOW_POSTBREAK_INFORMATION,2014,THYROID_CASE_TOTAL_ONLY_COMPOSITIONAL_NO_POPULATION_DENOMINATOR,UNAVAILABLE_IN_OPEN_CI5PLUS_DETAILED_EXPORT,IARC CI5plus Detailed official morphology export,https://ci5.iarc.who.int/ci5plus/download/
Australia,AUS,2005,both,7,stable_subnational_composite,1613,1267,244,27,17,22,36,1613,YES,78.54928704277744,15.127092374457533,1.6738995660260385,1.0539367637941723,1.3639181649101053,2.231866088034718,5.192622950819672,1993-2017_SEVEN_STABLE_REGISTRIES,MODERATE,YES_LOW_POSTBREAK_INFORMATION,2014,THYROID_CASE_TOTAL_ONLY_COMPOSITIONAL_NO_POPULATION_DENOMINATOR,UNAVAILABLE_IN_OPEN_CI5PLUS_DETAILED_EXPORT,IARC CI5plus Detailed official morphology export,https://ci5.iarc.who.int/ci5plus/download/
Australia,AUS,2005,female,7,stable_subnational_composite,1217,981,176,19,9,8,24,1217,YES,80.60805258833196,14.46179129005752,1.561216105176664,0.7395234182415776,0.657354149548069,1.972062448644207,5.573863636363637,1993-2017_SEVEN_STABLE_REGISTRIES,MODERATE,YES_LOW_POSTBREAK_INFORMATION,2014,THYROID_CASE_TOTAL_ONLY_COMPOSITIONAL_NO_POPULATION_DENOMINATOR,UNAVAILABLE_IN_OPEN_CI5PLUS_DETAILED_EXPORT,IARC CI5plus Detailed official morphology export,https://ci5.iarc.who.int/ci5plus/download/
Australia,AUS,2005,male,7,stable_subnational_composite,396,286,68,8,8,14,12,396,YES,72.22222222222223,17.171717171717173,2.0202020202020203,2.0202020202020203,3.5353535353535355,3.0303030303030303,4.205882352941177,1993-2017_SEVEN_STABLE_REGISTRIES,MODERATE,YES_LOW_POSTBREAK_INFORMATION,2014,THYROID_CASE_TOTAL_ONLY_COMPOSITIONAL_NO_POPULATION_DENOMINATOR,UNAVAILABLE_IN_OPEN_CI5PLUS_DETAILED_EXPORT,IARC CI5plus Detailed official morphology export,https://ci5.iarc.who.int/ci5plus/download/
Australia,AUS,2006,both,7,stable_subnational_composite,1653,1279,245,46,30,20,33,1653,YES,77.37447065940714,14.821536600120993,2.782819116757411,1.8148820326678765,1.2099213551119177,1.9963702359346642,5.220408163265306,1993-2017_SEVEN_STABLE_REGISTRIES,MODERATE,YES_LOW_POSTBREAK_INFORMATION,2014,THYROID_CASE_TOTAL_ONLY_COMPOSITIONAL_NO_POPULATION_DENOMINATOR,UNAVAILABLE_IN_OPEN_CI5PLUS_DETAILED_EXPORT,IARC CI5plus Detailed official morphology export,https://ci5.iarc.who.int/ci5plus/download/
Australia,AUS,2006,female,7,stable_subnational_composite,1264,999,184,27,21,11,22,1264,YES,79.03481012658227,14.556962025316455,2.1360759493670884,1.6613924050632911,0.870253164556962,1.740506329113924,5.429347826086956,1993-2017_SEVEN_STABLE_REGISTRIES,MODERATE,YES_LOW_POSTBREAK_INFORMATION,2014,THYROID_CASE_TOTAL_ONLY_COMPOSITIONAL_NO_POPULATION_DENOMINATOR,UNAVAILABLE_IN_OPEN_CI5PLUS_DETAILED_EXPORT,IARC CI5plus Detailed official morphology export,https://ci5.iarc.who.int/ci5plus/download/
Australia,AUS,2006,male,7,stable_subnational_composite,389,280,61,19,9,9,11,389,YES,71.97943444730078,15.681233933161954,4.884318766066838,2.3136246786632393,2.3136246786632393,2.827763496143959,4.590163934426229,1993-2017_SEVEN_STABLE_REGISTRIES,MODERATE,YES_LOW_POSTBREAK_INFORMATION,2014,THYROID_CASE_TOTAL_ONLY_COMPOSITIONAL_NO_POPULATION_DENOMINATOR,UNAVAILABLE_IN_OPEN_CI5PLUS_DETAILED_EXPORT,IARC CI5plus Detailed official morphology export,https://ci5.iarc.who.int/ci5plus/download/
Australia,AUS,2007,both,7,stable_subnational_composite,1782,1410,259,39,24,19,31,1782,YES,79.12457912457913,14.534231200897867,2.1885521885521886,1.3468013468013469,1.0662177328843996,1.739618406285073,5.444015444015444,1993-2017_SEVEN_STABLE_REGISTRIES,MODERATE,YES_LOW_POSTBREAK_INFORMATION,2014,THYROID_CASE_TOTAL_ONLY_COMPOSITIONAL_NO_POPULATION_DENOMINATOR,UNAVAILABLE_IN_OPEN_CI5PLUS_DETAILED_EXPORT,IARC CI5plus Detailed official morphology export,https://ci5.iarc.who.int/ci5plus/download/
Australia,AUS,2007,female,7,stable_subnational_composite,1326,1079,186,17,16,8,20,1326,YES,81.37254901960785,14.027149321266968,1.2820512820512822,1.2066365007541477,0.6033182503770739,1.5082956259426847,5.801075268817204,1993-2017_SEVEN_STABLE_REGISTRIES,MODERATE,YES_LOW_POSTBREAK_INFORMATION,2014,THYROID_CASE_TOTAL_ONLY_COMPOSITIONAL_NO_POPULATION_DENOMINATOR,UNAVAILABLE_IN_OPEN_CI5PLUS_DETAILED_EXPORT,IARC CI5plus Detailed official morphology export,https://ci5.iarc.who.int/ci5plus/download/
Australia,AUS,2007,male,7,stable_subnational_composite,456,331,73,22,8,11,11,456,YES,72.58771929824562,16.00877192982456,4.824561403508772,1.7543859649122806,2.412280701754386,2.412280701754386,4.534246575342466,1993-2017_SEVEN_STABLE_REGISTRIES,MODERATE,YES_LOW_POSTBREAK_INFORMATION,2014,THYROID_CASE_TOTAL_ONLY_COMPOSITIONAL_NO_POPULATION_DENOMINATOR,UNAVAILABLE_IN_OPEN_CI5PLUS_DETAILED_EXPORT,IARC CI5plus Detailed official morphology export,https://ci5.iarc.who.int/ci5plus/download/
Australia,AUS,2008,both,7,stable_subnational_composite,2002,1590,284,47,21,25,35,2002,YES,79.42057942057941,14.185814185814186,2.347652347652348,1.048951048951049,1.2487512487512487,1.7482517482517483,5.598591549295775,1993-2017_SEVEN_STABLE_REGISTRIES,MODERATE,YES_LOW_POSTBREAK_INFORMATION,2014,THYROID_CASE_TOTAL_ONLY_COMPOSITIONAL_NO_POPULATION_DENOMINATOR,UNAVAILABLE_IN_OPEN_CI5PLUS_DETAILED_EXPORT,IARC CI5plus Detailed official morphology export,https://ci5.iarc.who.int/ci5plus/download/
Australia,AUS,2008,female,7,stable_subnational_composite,1478,1189,195,33,14,18,29,1478,YES,80.44654939106901,13.193504736129904,2.232746955345061,0.9472259810554804,1.2178619756427604,1.9621109607577807,6.097435897435897,1993-2017_SEVEN_STABLE_REGISTRIES,MODERATE,YES_LOW_POSTBREAK_INFORMATION,2014,THYROID_CASE_TOTAL_ONLY_COMPOSITIONAL_NO_POPULATION_DENOMINATOR,UNAVAILABLE_IN_OPEN_CI5PLUS_DETAILED_EXPORT,IARC CI5plus Detailed official morphology export,https://ci5.iarc.who.int/ci5plus/download/
Australia,AUS,2008,male,7,stable_subnational_composite,524,401,89,14,7,7,6,524,YES,76.52671755725191,16.984732824427482,2.6717557251908395,1.3358778625954197,1.3358778625954197,1.1450381679389312,4.50561797752809,1993-2017_SEVEN_STABLE_REGISTRIES,MODERATE,YES_LOW_POSTBREAK_INFORMATION,2014,THYROID_CASE_TOTAL_ONLY_COMPOSITIONAL_NO_POPULATION_DENOMINATOR,UNAVAILABLE_IN_OPEN_CI5PLUS_DETAILED_EXPORT,IARC CI5plus Detailed official morphology export,https://ci5.iarc.who.int/ci5plus/download/
Australia,AUS,2009,both,7,stable_subnational_composite,2065,1619,316,44,40,12,34,2065,YES,78.40193704600485,15.302663438256658,2.1307506053268765,1.937046004842615,0.5811138014527845,1.6464891041162228,5.1234177215189876,1993-2017_SEVEN_STABLE_REGISTRIES,MODERATE,YES_LOW_POSTBREAK_INFORMATION,2014,THYROID_CASE_TOTAL_ONLY_COMPOSITIONAL_NO_POPULATION_DENOMINATOR,UNAVAILABLE_IN_OPEN_CI5PLUS_DETAILED_EXPORT,IARC CI5plus Detailed official morphology export,https://ci5.iarc.who.int/ci5plus/download/
Australia,AUS,2009,female,7,stable_subnational_composite,1533,1235,209,32,27,7,23,1533,YES,80.56099151989562,13.633398564905415,2.0874103065883887,1.761252446183953,0.45662100456621,1.5003261578604044,5.909090909090909,1993-2017_SEVEN_STABLE_REGISTRIES,MODERATE,YES_LOW_POSTBREAK_INFORMATION,2014,THYROID_CASE_TOTAL_ONLY_COMPOSITIONAL_NO_POPULATION_DENOMINATOR,UNAVAILABLE_IN_OPEN_CI5PLUS_DETAILED_EXPORT,IARC CI5plus Detailed official morphology export,https://ci5.iarc.who.int/ci5plus/download/
Australia,AUS,2009,male,7,stable_subnational_composite,532,384,107,12,13,5,11,532,YES,72.18045112781955,20.112781954887218,2.255639097744361,2.443609022556391,0.9398496240601504,2.0676691729323307,3.588785046728972,1993-2017_SEVEN_STABLE_REGISTRIES,MODERATE,YES_LOW_POSTBREAK_INFORMATION,2014,THYROID_CASE_TOTAL_ONLY_COMPOSITIONAL_NO_POPULATION_DENOMINATOR,UNAVAILABLE_IN_OPEN_CI5PLUS_DETAILED_EXPORT,IARC CI5plus Detailed official morphology export,https://ci5.iarc.who.int/ci5plus/download/
Australia,AUS,2010,both,7,stable_subnational_composite,2285,1886,280,47,27,10,35,2285,YES,82.5382932166302,12.25382932166302,2.0568927789934355,1.1816192560175054,0.437636761487965,1.5317286652078774,6.735714285714286,1993-2017_SEVEN_STABLE_REGISTRIES,MODERATE,YES_LOW_POSTBREAK_INFORMATION,2014,THYROID_CASE_TOTAL_ONLY_COMPOSITIONAL_NO_POPULATION_DENOMINATOR,UNAVAILABLE_IN_OPEN_CI5PLUS_DETAILED_EXPORT,IARC CI5plus Detailed official morphology export,https://ci5.iarc.who.int/ci5plus/download/
Australia,AUS,2010,female,7,stable_subnational_composite,1732,1461,202,23,20,5,21,1732,YES,84.35334872979215,11.662817551963048,1.327944572748268,1.1547344110854503,0.28868360277136257,1.2124711316397228,7.232673267326732,1993-2017_SEVEN_STABLE_REGISTRIES,MODERATE,YES_LOW_POSTBREAK_INFORMATION,2014,THYROID_CASE_TOTAL_ONLY_COMPOSITIONAL_NO_POPULATION_DENOMINATOR,UNAVAILABLE_IN_OPEN_CI5PLUS_DETAILED_EXPORT,IARC CI5plus Detailed official morphology export,https://ci5.iarc.who.int/ci5plus/download/
Australia,AUS,2010,male,7,stable_subnational_composite,553,425,78,24,7,5,14,553,YES,76.85352622061482,14.104882459312838,4.3399638336347195,1.2658227848101267,0.9041591320072333,2.5316455696202533,5.448717948717949,1993-2017_SEVEN_STABLE_REGISTRIES,MODERATE,YES_LOW_POSTBREAK_INFORMATION,2014,THYROID_CASE_TOTAL_ONLY_COMPOSITIONAL_NO_POPULATION_DENOMINATOR,UNAVAILABLE_IN_OPEN_CI5PLUS_DETAILED_EXPORT,IARC CI5plus Detailed official morphology export,https://ci5.iarc.who.int/ci5plus/download/
Australia,AUS,2011,both,7,stable_subnational_composite,2406,1934,309,61,31,22,49,2406,YES,80.38237738985869,12.8428927680798,2.5353283458021614,1.288445552784705,0.914380714879468,2.036575228595179,6.258899676375404,1993-2017_SEVEN_STABLE_REGISTRIES,MODERATE,YES_LOW_POSTBREAK_INFORMATION,2014,THYROID_CASE_TOTAL_ONLY_COMPOSITIONAL_NO_POPULATION_DENOMINATOR,UNAVAILABLE_IN_OPEN_CI5PLUS_DETAILED_EXPORT,IARC CI5plus Detailed official morphology export,https://ci5.iarc.who.int/ci5plus/download/
Australia,AUS,2011,female,7,stable_subnational_composite,1740,1441,200,37,19,10,33,1740,YES,82.816091954023,11.494252873563218,2.1264367816091956,1.0919540229885059,0.5747126436781609,1.896551724137931,7.205,1993-2017_SEVEN_STABLE_REGISTRIES,MODERATE,YES_LOW_POSTBREAK_INFORMATION,2014,THYROID_CASE_TOTAL_ONLY_COMPOSITIONAL_NO_POPULATION_DENOMINATOR,UNAVAILABLE_IN_OPEN_CI5PLUS_DETAILED_EXPORT,IARC CI5plus Detailed official morphology export,https://ci5.iarc.who.int/ci5plus/download/
Australia,AUS,2011,male,7,stable_subnational_composite,666,493,109,24,12,12,16,666,YES,74.02402402402403,16.366366366366368,3.6036036036036037,1.8018018018018018,1.8018018018018018,2.4024024024024024,4.522935779816514,1993-2017_SEVEN_STABLE_REGISTRIES,MODERATE,YES_LOW_POSTBREAK_INFORMATION,2014,THYROID_CASE_TOTAL_ONLY_COMPOSITIONAL_NO_POPULATION_DENOMINATOR,UNAVAILABLE_IN_OPEN_CI5PLUS_DETAILED_EXPORT,IARC CI5plus Detailed official morphology export,https://ci5.iarc.who.int/ci5plus/download/
Australia,AUS,2012,both,7,stable_subnational_composite,2527,2066,329,72,18,19,23,2527,YES,81.75702413929561,13.01939058171745,2.849228333992877,0.7123070834982193,0.7518796992481203,0.9101701622477246,6.279635258358662,1993-2017_SEVEN_STABLE_REGISTRIES,MODERATE,YES_LOW_POSTBREAK_INFORMATION,2014,THYROID_CASE_TOTAL_ONLY_COMPOSITIONAL_NO_POPULATION_DENOMINATOR,UNAVAILABLE_IN_OPEN_CI5PLUS_DETAILED_EXPORT,IARC CI5plus Detailed official morphology export,https://ci5.iarc.who.int/ci5plus/download/
Australia,AUS,2012,female,7,stable_subnational_composite,1870,1570,225,37,11,13,14,1870,YES,83.9572192513369,12.032085561497325,1.9786096256684491,0.5882352941176471,0.6951871657754011,0.7486631016042781,6.977777777777778,1993-2017_SEVEN_STABLE_REGISTRIES,MODERATE,YES_LOW_POSTBREAK_INFORMATION,2014,THYROID_CASE_TOTAL_ONLY_COMPOSITIONAL_NO_POPULATION_DENOMINATOR,UNAVAILABLE_IN_OPEN_CI5PLUS_DETAILED_EXPORT,IARC CI5plus Detailed official morphology export,https://ci5.iarc.who.int/ci5plus/download/
Australia,AUS,2012,male,7,stable_subnational_composite,657,496,104,35,7,6,9,657,YES,75.49467275494673,15.82952815829528,5.327245053272451,1.06544901065449,0.91324200913242,1.36986301369863,4.769230769230769,1993-2017_SEVEN_STABLE_REGISTRIES,MODERATE,YES_LOW_POSTBREAK_INFORMATION,2014,THYROID_CASE_TOTAL_ONLY_COMPOSITIONAL_NO_POPULATION_DENOMINATOR,UNAVAILABLE_IN_OPEN_CI5PLUS_DETAILED_EXPORT,IARC CI5plus Detailed official morphology export,https://ci5.iarc.who.int/ci5plus/download/
Australia,AUS,2013,both,7,stable_subnational_composite,2782,2316,311,63,29,24,39,2782,YES,83.24946081955427,11.179007907979871,2.2645578720345076,1.0424155283968368,0.8626887131560029,1.4018691588785046,7.446945337620579,1993-2017_SEVEN_STABLE_REGISTRIES,MODERATE,YES_LOW_POSTBREAK_INFORMATION,2014,THYROID_CASE_TOTAL_ONLY_COMPOSITIONAL_NO_POPULATION_DENOMINATOR,UNAVAILABLE_IN_OPEN_CI5PLUS_DETAILED_EXPORT,IARC CI5plus Detailed official morphology export,https://ci5.iarc.who.int/ci5plus/download/
Australia,AUS,2013,female,7,stable_subnational_composite,2056,1749,214,39,19,15,20,2056,YES,85.06809338521401,10.408560311284047,1.8968871595330739,0.9241245136186771,0.7295719844357976,0.9727626459143969,8.172897196261681,1993-2017_SEVEN_STABLE_REGISTRIES,MODERATE,YES_LOW_POSTBREAK_INFORMATION,2014,THYROID_CASE_TOTAL_ONLY_COMPOSITIONAL_NO_POPULATION_DENOMINATOR,UNAVAILABLE_IN_OPEN_CI5PLUS_DETAILED_EXPORT,IARC CI5plus Detailed official morphology export,https://ci5.iarc.who.int/ci5plus/download/
Australia,AUS,2013,male,7,stable_subnational_composite,726,567,97,24,10,9,19,726,YES,78.09917355371901,13.360881542699724,3.3057851239669422,1.3774104683195592,1.2396694214876034,2.6170798898071626,5.845360824742268,1993-2017_SEVEN_STABLE_REGISTRIES,MODERATE,YES_LOW_POSTBREAK_INFORMATION,2014,THYROID_CASE_TOTAL_ONLY_COMPOSITIONAL_NO_POPULATION_DENOMINATOR,UNAVAILABLE_IN_OPEN_CI5PLUS_DETAILED_EXPORT,IARC CI5plus Detailed official morphology export,https://ci5.iarc.who.int/ci5plus/download/
Australia,AUS,2014,both,7,stable_subnational_composite,2874,2391,330,59,43,24,27,2874,YES,83.19415448851774,11.482254697286013,2.0528879610299233,1.4961725817675713,0.8350730688935282,0.9394572025052192,7.245454545454545,1993-2017_SEVEN_STABLE_REGISTRIES,MODERATE,YES_LOW_POSTBREAK_INFORMATION,2014,THYROID_CASE_TOTAL_ONLY_COMPOSITIONAL_NO_POPULATION_DENOMINATOR,UNAVAILABLE_IN_OPEN_CI5PLUS_DETAILED_EXPORT,IARC CI5plus Detailed official morphology export,https://ci5.iarc.who.int/ci5plus/download/
Australia,AUS,2014,female,7,stable_subnational_composite,2105,1798,213,37,30,11,16,2105,YES,85.41567695961996,10.118764845605702,1.7577197149643706,1.4251781472684086,0.5225653206650831,0.7600950118764845,8.44131455399061,1993-2017_SEVEN_STABLE_REGISTRIES,MODERATE,YES_LOW_POSTBREAK_INFORMATION,2014,THYROID_CASE_TOTAL_ONLY_COMPOSITIONAL_NO_POPULATION_DENOMINATOR,UNAVAILABLE_IN_OPEN_CI5PLUS_DETAILED_EXPORT,IARC CI5plus Detailed official morphology export,https://ci5.iarc.who.int/ci5plus/download/
Australia,AUS,2014,male,7,stable_subnational_composite,769,593,117,22,13,13,11,769,YES,77.11313394018205,15.214564369310793,2.860858257477243,1.6905071521456436,1.6905071521456436,1.4304291287386215,5.068376068376068,1993-2017_SEVEN_STABLE_REGISTRIES,MODERATE,YES_LOW_POSTBREAK_INFORMATION,2014,THYROID_CASE_TOTAL_ONLY_COMPOSITIONAL_NO_POPULATION_DENOMINATOR,UNAVAILABLE_IN_OPEN_CI5PLUS_DETAILED_EXPORT,IARC CI5plus Detailed official morphology export,https://ci5.iarc.who.int/ci5plus/download/
Australia,AUS,2015,both,7,stable_subnational_composite,2969,2486,330,63,34,24,32,2969,YES,83.73189626136747,11.11485348602223,2.121926574604244,1.1451667228022904,0.8083529808016167,1.0778039744021557,7.533333333333333,1993-2017_SEVEN_STABLE_REGISTRIES,MODERATE,YES_LOW_POSTBREAK_INFORMATION,2014,THYROID_CASE_TOTAL_ONLY_COMPOSITIONAL_NO_POPULATION_DENOMINATOR,UNAVAILABLE_IN_OPEN_CI5PLUS_DETAILED_EXPORT,IARC CI5plus Detailed official morphology export,https://ci5.iarc.who.int/ci5plus/download/
Australia,AUS,2015,female,7,stable_subnational_composite,2126,1822,213,38,21,11,21,2126,YES,85.70084666039511,10.018814675446848,1.7873941674506115,0.9877704609595485,0.5174035747883349,0.9877704609595485,8.553990610328638,1993-2017_SEVEN_STABLE_REGISTRIES,MODERATE,YES_LOW_POSTBREAK_INFORMATION,2014,THYROID_CASE_TOTAL_ONLY_COMPOSITIONAL_NO_POPULATION_DENOMINATOR,UNAVAILABLE_IN_OPEN_CI5PLUS_DETAILED_EXPORT,IARC CI5plus Detailed official morphology export,https://ci5.iarc.who.int/ci5plus/download/
Australia,AUS,2015,male,7,stable_subnational_composite,843,664,117,25,13,13,11,843,YES,78.76631079478055,13.87900355871886,2.965599051008304,1.5421115065243178,1.5421115065243178,1.3048635824436536,5.6752136752136755,1993-2017_SEVEN_STABLE_REGISTRIES,MODERATE,YES_LOW_POSTBREAK_INFORMATION,2014,THYROID_CASE_TOTAL_ONLY_COMPOSITIONAL_NO_POPULATION_DENOMINATOR,UNAVAILABLE_IN_OPEN_CI5PLUS_DETAILED_EXPORT,IARC CI5plus Detailed official morphology export,https://ci5.iarc.who.int/ci5plus/download/
Australia,AUS,2016,both,7,stable_subnational_composite,3003,2502,321,64,42,40,34,3003,YES,83.31668331668331,10.68931068931069,2.1312021312021314,1.3986013986013985,1.332001332001332,1.1322011322011323,7.794392523364486,1993-2017_SEVEN_STABLE_REGISTRIES,MODERATE,YES_LOW_POSTBREAK_INFORMATION,2014,THYROID_CASE_TOTAL_ONLY_COMPOSITIONAL_NO_POPULATION_DENOMINATOR,UNAVAILABLE_IN_OPEN_CI5PLUS_DETAILED_EXPORT,IARC CI5plus Detailed official morphology export,https://ci5.iarc.who.int/ci5plus/download/
Australia,AUS,2016,female,7,stable_subnational_composite,2214,1885,222,42,25,25,15,2214,YES,85.14001806684733,10.02710027100271,1.897018970189702,1.1291779584462511,1.1291779584462511,0.6775067750677507,8.49099099099099,1993-2017_SEVEN_STABLE_REGISTRIES,MODERATE,YES_LOW_POSTBREAK_INFORMATION,2014,THYROID_CASE_TOTAL_ONLY_COMPOSITIONAL_NO_POPULATION_DENOMINATOR,UNAVAILABLE_IN_OPEN_CI5PLUS_DETAILED_EXPORT,IARC CI5plus Detailed official morphology export,https://ci5.iarc.who.int/ci5plus/download/
Australia,AUS,2016,male,7,stable_subnational_composite,789,617,99,22,17,15,19,789,YES,78.20025348542458,12.547528517110266,2.788339670468948,2.1546261089987326,1.9011406844106464,2.4081115335868186,6.232323232323233,1993-2017_SEVEN_STABLE_REGISTRIES,MODERATE,YES_LOW_POSTBREAK_INFORMATION,2014,THYROID_CASE_TOTAL_ONLY_COMPOSITIONAL_NO_POPULATION_DENOMINATOR,UNAVAILABLE_IN_OPEN_CI5PLUS_DETAILED_EXPORT,IARC CI5plus Detailed official morphology export,https://ci5.iarc.who.int/ci5plus/download/
Australia,AUS,2017,both,7,stable_subnational_composite,3199,2656,364,70,40,35,34,3199,YES,83.0259456080025,11.37855579868709,2.1881838074398248,1.2503907471084714,1.0940919037199124,1.0628321350422008,7.2967032967032965,1993-2017_SEVEN_STABLE_REGISTRIES,MODERATE,YES_LOW_POSTBREAK_INFORMATION,2014,THYROID_CASE_TOTAL_ONLY_COMPOSITIONAL_NO_POPULATION_DENOMINATOR,UNAVAILABLE_IN_OPEN_CI5PLUS_DETAILED_EXPORT,IARC CI5plus Detailed official morphology export,https://ci5.iarc.who.int/ci5plus/download/
Australia,AUS,2017,female,7,stable_subnational_composite,2322,1968,241,46,20,25,22,2322,YES,84.75452196382429,10.378983634797589,1.9810508182601205,0.8613264427217916,1.0766580534022394,0.9474590869939707,8.16597510373444,1993-2017_SEVEN_STABLE_REGISTRIES,MODERATE,YES_LOW_POSTBREAK_INFORMATION,2014,THYROID_CASE_TOTAL_ONLY_COMPOSITIONAL_NO_POPULATION_DENOMINATOR,UNAVAILABLE_IN_OPEN_CI5PLUS_DETAILED_EXPORT,IARC CI5plus Detailed official morphology export,https://ci5.iarc.who.int/ci5plus/download/
Australia,AUS,2017,male,7,stable_subnational_composite,877,688,123,24,20,10,12,877,YES,78.44925883694413,14.025085518814139,2.7366020524515395,2.280501710376283,1.1402508551881414,1.3683010262257698,5.59349593495935,1993-2017_SEVEN_STABLE_REGISTRIES,MODERATE,YES_LOW_POSTBREAK_INFORMATION,2014,THYROID_CASE_TOTAL_ONLY_COMPOSITIONAL_NO_POPULATION_DENOMINATOR,UNAVAILABLE_IN_OPEN_CI5PLUS_DETAILED_EXPORT,IARC CI5plus Detailed official morphology export,https://ci5.iarc.who.int/ci5plus/download/
Croatia,HRV,1988,both,1,national,175,87,37,10,0,11,30,175,YES,49.714285714285715,21.142857142857142,5.714285714285714,0.0,6.285714285714286,17.142857142857142,2.3513513513513513,1988-2000_PRE_ICDO3,WEAK,NO_CODING_BOUNDARY_AT_BREAK,2001,THYROID_CASE_TOTAL_ONLY_COMPOSITIONAL_NO_POPULATION_DENOMINATOR,UNAVAILABLE_IN_OPEN_CI5PLUS_DETAILED_EXPORT,IARC CI5plus Detailed official morphology export,https://ci5.iarc.who.int/ci5plus/download/
Croatia,HRV,1988,female,1,national,135,73,26,6,0,7,23,135,YES,54.074074074074076,19.25925925925926,4.444444444444445,0.0,5.185185185185185,17.037037037037038,2.8076923076923075,1988-2000_PRE_ICDO3,WEAK,NO_CODING_BOUNDARY_AT_BREAK,2001,THYROID_CASE_TOTAL_ONLY_COMPOSITIONAL_NO_POPULATION_DENOMINATOR,UNAVAILABLE_IN_OPEN_CI5PLUS_DETAILED_EXPORT,IARC CI5plus Detailed official morphology export,https://ci5.iarc.who.int/ci5plus/download/
Croatia,HRV,1988,male,1,national,40,14,11,4,0,4,7,40,YES,35.0,27.5,10.0,0.0,10.0,17.5,1.2727272727272727,1988-2000_PRE_ICDO3,WEAK,NO_CODING_BOUNDARY_AT_BREAK,2001,THYROID_CASE_TOTAL_ONLY_COMPOSITIONAL_NO_POPULATION_DENOMINATOR,UNAVAILABLE_IN_OPEN_CI5PLUS_DETAILED_EXPORT,IARC CI5plus Detailed official morphology export,https://ci5.iarc.who.int/ci5plus/download/
Croatia,HRV,1989,both,1,national,148,79,27,5,0,11,26,148,YES,53.37837837837838,18.243243243243242,3.3783783783783785,0.0,7.4324324324324325,17.56756756756757,2.925925925925926,1988-2000_PRE_ICDO3,WEAK,NO_CODING_BOUNDARY_AT_BREAK,2001,THYROID_CASE_TOTAL_ONLY_COMPOSITIONAL_NO_POPULATION_DENOMINATOR,UNAVAILABLE_IN_OPEN_CI5PLUS_DETAILED_EXPORT,IARC CI5plus Detailed official morphology export,https://ci5.iarc.who.int/ci5plus/download/
Croatia,HRV,1989,female,1,national,123,69,24,4,0,9,17,123,YES,56.09756097560975,19.51219512195122,3.252032520325203,0.0,7.317073170731708,13.821138211382113,2.875,1988-2000_PRE_ICDO3,WEAK,NO_CODING_BOUNDARY_AT_BREAK,2001,THYROID_CASE_TOTAL_ONLY_COMPOSITIONAL_NO_POPULATION_DENOMINATOR,UNAVAILABLE_IN_OPEN_CI5PLUS_DETAILED_EXPORT,IARC CI5plus Detailed official morphology export,https://ci5.iarc.who.int/ci5plus/download/
Croatia,HRV,1989,male,1,national,25,10,3,1,0,2,9,25,YES,40.0,12.0,4.0,0.0,8.0,36.0,3.3333333333333335,1988-2000_PRE_ICDO3,WEAK,NO_CODING_BOUNDARY_AT_BREAK,2001,THYROID_CASE_TOTAL_ONLY_COMPOSITIONAL_NO_POPULATION_DENOMINATOR,UNAVAILABLE_IN_OPEN_CI5PLUS_DETAILED_EXPORT,IARC CI5plus Detailed official morphology export,https://ci5.iarc.who.int/ci5plus/download/
Croatia,HRV,1990,both,1,national,183,78,39,8,5,4,49,183,YES,42.622950819672134,21.311475409836067,4.371584699453552,2.73224043715847,2.185792349726776,26.775956284153004,2.0,1988-2000_PRE_ICDO3,WEAK,NO_CODING_BOUNDARY_AT_BREAK,2001,THYROID_CASE_TOTAL_ONLY_COMPOSITIONAL_NO_POPULATION_DENOMINATOR,UNAVAILABLE_IN_OPEN_CI5PLUS_DETAILED_EXPORT,IARC CI5plus Detailed official morphology export,https://ci5.iarc.who.int/ci5plus/download/
Croatia,HRV,1990,female,1,national,146,61,32,5,4,3,41,146,YES,41.78082191780822,21.91780821917808,3.4246575342465753,2.73972602739726,2.0547945205479454,28.08219178082192,1.90625,1988-2000_PRE_ICDO3,WEAK,NO_CODING_BOUNDARY_AT_BREAK,2001,THYROID_CASE_TOTAL_ONLY_COMPOSITIONAL_NO_POPULATION_DENOMINATOR,UNAVAILABLE_IN_OPEN_CI5PLUS_DETAILED_EXPORT,IARC CI5plus Detailed official morphology export,https://ci5.iarc.who.int/ci5plus/download/
Croatia,HRV,1990,male,1,national,37,17,7,3,1,1,8,37,YES,45.945945945945944,18.91891891891892,8.108108108108109,2.7027027027027026,2.7027027027027026,21.62162162162162,2.4285714285714284,1988-2000_PRE_ICDO3,WEAK,NO_CODING_BOUNDARY_AT_BREAK,2001,THYROID_CASE_TOTAL_ONLY_COMPOSITIONAL_NO_POPULATION_DENOMINATOR,UNAVAILABLE_IN_OPEN_CI5PLUS_DETAILED_EXPORT,IARC CI5plus Detailed official morphology export,https://ci5.iarc.who.int/ci5plus/download/
Croatia,HRV,1991,both,1,national,138,77,18,10,8,1,24,138,YES,55.79710144927536,13.043478260869565,7.246376811594203,5.797101449275362,0.7246376811594203,17.391304347826086,4.277777777777778,1988-2000_PRE_ICDO3,WEAK,NO_CODING_BOUNDARY_AT_BREAK,2001,THYROID_CASE_TOTAL_ONLY_COMPOSITIONAL_NO_POPULATION_DENOMINATOR,UNAVAILABLE_IN_OPEN_CI5PLUS_DETAILED_EXPORT,IARC CI5plus Detailed official morphology export,https://ci5.iarc.who.int/ci5plus/download/
Croatia,HRV,1991,female,1,national,110,65,10,7,7,1,20,110,YES,59.09090909090909,9.090909090909092,6.363636363636363,6.363636363636363,0.9090909090909091,18.181818181818183,6.5,1988-2000_PRE_ICDO3,WEAK,NO_CODING_BOUNDARY_AT_BREAK,2001,THYROID_CASE_TOTAL_ONLY_COMPOSITIONAL_NO_POPULATION_DENOMINATOR,UNAVAILABLE_IN_OPEN_CI5PLUS_DETAILED_EXPORT,IARC CI5plus Detailed official morphology export,https://ci5.iarc.who.int/ci5plus/download/
Croatia,HRV,1991,male,1,national,28,12,8,3,1,0,4,28,YES,42.857142857142854,28.571428571428573,10.714285714285714,3.5714285714285716,0.0,14.285714285714286,1.5,1988-2000_PRE_ICDO3,WEAK,NO_CODING_BOUNDARY_AT_BREAK,2001,THYROID_CASE_TOTAL_ONLY_COMPOSITIONAL_NO_POPULATION_DENOMINATOR,UNAVAILABLE_IN_OPEN_CI5PLUS_DETAILED_EXPORT,IARC CI5plus Detailed official morphology export,https://ci5.iarc.who.int/ci5plus/download/
Croatia,HRV,1992,both,1,national,125,70,22,4,3,2,24,125,YES,56.0,17.6,3.2,2.4,1.6,19.2,3.1818181818181817,1988-2000_PRE_ICDO3,WEAK,NO_CODING_BOUNDARY_AT_BREAK,2001,THYROID_CASE_TOTAL_ONLY_COMPOSITIONAL_NO_POPULATION_DENOMINATOR,UNAVAILABLE_IN_OPEN_CI5PLUS_DETAILED_EXPORT,IARC CI5plus Detailed official morphology export,https://ci5.iarc.who.int/ci5plus/download/
Croatia,HRV,1992,female,1,national,98,57,18,3,3,2,15,98,YES,58.16326530612245,18.367346938775512,3.061224489795918,3.061224489795918,2.0408163265306123,15.306122448979592,3.1666666666666665,1988-2000_PRE_ICDO3,WEAK,NO_CODING_BOUNDARY_AT_BREAK,2001,THYROID_CASE_TOTAL_ONLY_COMPOSITIONAL_NO_POPULATION_DENOMINATOR,UNAVAILABLE_IN_OPEN_CI5PLUS_DETAILED_EXPORT,IARC CI5plus Detailed official morphology export,https://ci5.iarc.who.int/ci5plus/download/
Croatia,HRV,1992,male,1,national,27,13,4,1,0,0,9,27,YES,48.148148148148145,14.814814814814815,3.7037037037037037,0.0,0.0,33.333333333333336,3.25,1988-2000_PRE_ICDO3,WEAK,NO_CODING_BOUNDARY_AT_BREAK,2001,THYROID_CASE_TOTAL_ONLY_COMPOSITIONAL_NO_POPULATION_DENOMINATOR,UNAVAILABLE_IN_OPEN_CI5PLUS_DETAILED_EXPORT,IARC CI5plus Detailed official morphology export,https://ci5.iarc.who.int/ci5plus/download/
Croatia,HRV,1993,both,1,national,203,113,35,14,11,2,28,203,YES,55.66502463054187,17.24137931034483,6.896551724137931,5.41871921182266,0.9852216748768473,13.793103448275861,3.2285714285714286,1988-2000_PRE_ICDO3,WEAK,NO_CODING_BOUNDARY_AT_BREAK,2001,THYROID_CASE_TOTAL_ONLY_COMPOSITIONAL_NO_POPULATION_DENOMINATOR,UNAVAILABLE_IN_OPEN_CI5PLUS_DETAILED_EXPORT,IARC CI5plus Detailed official morphology export,https://ci5.iarc.who.int/ci5plus/download/
Croatia,HRV,1993,female,1,national,161,95,26,8,6,2,24,161,YES,59.006211180124225,16.149068322981368,4.968944099378882,3.7267080745341614,1.2422360248447204,14.906832298136646,3.6538461538461537,1988-2000_PRE_ICDO3,WEAK,NO_CODING_BOUNDARY_AT_BREAK,2001,THYROID_CASE_TOTAL_ONLY_COMPOSITIONAL_NO_POPULATION_DENOMINATOR,UNAVAILABLE_IN_OPEN_CI5PLUS_DETAILED_EXPORT,IARC CI5plus Detailed official morphology export,https://ci5.iarc.who.int/ci5plus/download/
Croatia,HRV,1993,male,1,national,42,18,9,6,5,0,4,42,YES,42.857142857142854,21.428571428571427,14.285714285714286,11.904761904761905,0.0,9.523809523809524,2.0,1988-2000_PRE_ICDO3,WEAK,NO_CODING_BOUNDARY_AT_BREAK,2001,THYROID_CASE_TOTAL_ONLY_COMPOSITIONAL_NO_POPULATION_DENOMINATOR,UNAVAILABLE_IN_OPEN_CI5PLUS_DETAILED_EXPORT,IARC CI5plus Detailed official morphology export,https://ci5.iarc.who.int/ci5plus/download/
Croatia,HRV,1994,both,1,national,158,91,26,8,5,2,26,158,YES,57.59493670886076,16.455696202531644,5.063291139240507,3.1645569620253164,1.2658227848101267,16.455696202531644,3.5,1988-2000_PRE_ICDO3,WEAK,NO_CODING_BOUNDARY_AT_BREAK,2001,THYROID_CASE_TOTAL_ONLY_COMPOSITIONAL_NO_POPULATION_DENOMINATOR,UNAVAILABLE_IN_OPEN_CI5PLUS_DETAILED_EXPORT,IARC CI5plus Detailed official morphology export,https://ci5.iarc.who.int/ci5plus/download/
Croatia,HRV,1994,female,1,national,125,72,19,8,5,1,20,125,YES,57.6,15.2,6.4,4.0,0.8,16.0,3.789473684210526,1988-2000_PRE_ICDO3,WEAK,NO_CODING_BOUNDARY_AT_BREAK,2001,THYROID_CASE_TOTAL_ONLY_COMPOSITIONAL_NO_POPULATION_DENOMINATOR,UNAVAILABLE_IN_OPEN_CI5PLUS_DETAILED_EXPORT,IARC CI5plus Detailed official morphology export,https://ci5.iarc.who.int/ci5plus/download/
Croatia,HRV,1994,male,1,national,33,19,7,0,0,1,6,33,YES,57.57575757575758,21.21212121212121,0.0,0.0,3.0303030303030303,18.181818181818183,2.7142857142857144,1988-2000_PRE_ICDO3,WEAK,NO_CODING_BOUNDARY_AT_BREAK,2001,THYROID_CASE_TOTAL_ONLY_COMPOSITIONAL_NO_POPULATION_DENOMINATOR,UNAVAILABLE_IN_OPEN_CI5PLUS_DETAILED_EXPORT,IARC CI5plus Detailed official morphology export,https://ci5.iarc.who.int/ci5plus/download/
Croatia,HRV,1995,both,1,national,240,167,25,13,5,5,25,240,YES,69.58333333333333,10.416666666666666,5.416666666666667,2.0833333333333335,2.0833333333333335,10.416666666666666,6.68,1988-2000_PRE_ICDO3,WEAK,NO_CODING_BOUNDARY_AT_BREAK,2001,THYROID_CASE_TOTAL_ONLY_COMPOSITIONAL_NO_POPULATION_DENOMINATOR,UNAVAILABLE_IN_OPEN_CI5PLUS_DETAILED_EXPORT,IARC CI5plus Detailed official morphology export,https://ci5.iarc.who.int/ci5plus/download/
Croatia,HRV,1995,female,1,national,185,134,20,7,2,3,19,185,YES,72.43243243243244,10.81081081081081,3.7837837837837838,1.0810810810810811,1.6216216216216217,10.27027027027027,6.7,1988-2000_PRE_ICDO3,WEAK,NO_CODING_BOUNDARY_AT_BREAK,2001,THYROID_CASE_TOTAL_ONLY_COMPOSITIONAL_NO_POPULATION_DENOMINATOR,UNAVAILABLE_IN_OPEN_CI5PLUS_DETAILED_EXPORT,IARC CI5plus Detailed official morphology export,https://ci5.iarc.who.int/ci5plus/download/
Croatia,HRV,1995,male,1,national,55,33,5,6,3,2,6,55,YES,60.0,9.090909090909092,10.909090909090908,5.454545454545454,3.6363636363636362,10.909090909090908,6.6,1988-2000_PRE_ICDO3,WEAK,NO_CODING_BOUNDARY_AT_BREAK,2001,THYROID_CASE_TOTAL_ONLY_COMPOSITIONAL_NO_POPULATION_DENOMINATOR,UNAVAILABLE_IN_OPEN_CI5PLUS_DETAILED_EXPORT,IARC CI5plus Detailed official morphology export,https://ci5.iarc.who.int/ci5plus/download/
Croatia,HRV,1996,both,1,national,214,135,22,9,2,7,39,214,YES,63.08411214953271,10.280373831775702,4.205607476635514,0.9345794392523364,3.2710280373831777,18.22429906542056,6.136363636363637,1988-2000_PRE_ICDO3,WEAK,NO_CODING_BOUNDARY_AT_BREAK,2001,THYROID_CASE_TOTAL_ONLY_COMPOSITIONAL_NO_POPULATION_DENOMINATOR,UNAVAILABLE_IN_OPEN_CI5PLUS_DETAILED_EXPORT,IARC CI5plus Detailed official morphology export,https://ci5.iarc.who.int/ci5plus/download/
Croatia,HRV,1996,female,1,national,173,113,17,7,2,4,30,173,YES,65.3179190751445,9.826589595375722,4.046242774566474,1.1560693641618498,2.3121387283236996,17.341040462427745,6.647058823529412,1988-2000_PRE_ICDO3,WEAK,NO_CODING_BOUNDARY_AT_BREAK,2001,THYROID_CASE_TOTAL_ONLY_COMPOSITIONAL_NO_POPULATION_DENOMINATOR,UNAVAILABLE_IN_OPEN_CI5PLUS_DETAILED_EXPORT,IARC CI5plus Detailed official morphology export,https://ci5.iarc.who.int/ci5plus/download/
Croatia,HRV,1996,male,1,national,41,22,5,2,0,3,9,41,YES,53.65853658536585,12.195121951219512,4.878048780487805,0.0,7.317073170731708,21.951219512195124,4.4,1988-2000_PRE_ICDO3,WEAK,NO_CODING_BOUNDARY_AT_BREAK,2001,THYROID_CASE_TOTAL_ONLY_COMPOSITIONAL_NO_POPULATION_DENOMINATOR,UNAVAILABLE_IN_OPEN_CI5PLUS_DETAILED_EXPORT,IARC CI5plus Detailed official morphology export,https://ci5.iarc.who.int/ci5plus/download/
Croatia,HRV,1997,both,1,national,232,149,30,10,7,4,32,232,YES,64.22413793103448,12.931034482758621,4.310344827586207,3.0172413793103448,1.7241379310344827,13.793103448275861,4.966666666666667,1988-2000_PRE_ICDO3,WEAK,NO_CODING_BOUNDARY_AT_BREAK,2001,THYROID_CASE_TOTAL_ONLY_COMPOSITIONAL_NO_POPULATION_DENOMINATOR,UNAVAILABLE_IN_OPEN_CI5PLUS_DETAILED_EXPORT,IARC CI5plus Detailed official morphology export,https://ci5.iarc.who.int/ci5plus/download/
Croatia,HRV,1997,female,1,national,175,120,20,6,5,2,22,175,YES,68.57142857142857,11.428571428571429,3.4285714285714284,2.857142857142857,1.1428571428571428,12.571428571428571,6.0,1988-2000_PRE_ICDO3,WEAK,NO_CODING_BOUNDARY_AT_BREAK,2001,THYROID_CASE_TOTAL_ONLY_COMPOSITIONAL_NO_POPULATION_DENOMINATOR,UNAVAILABLE_IN_OPEN_CI5PLUS_DETAILED_EXPORT,IARC CI5plus Detailed official morphology export,https://ci5.iarc.who.int/ci5plus/download/
Croatia,HRV,1997,male,1,national,57,29,10,4,2,2,10,57,YES,50.87719298245614,17.54385964912281,7.017543859649122,3.508771929824561,3.508771929824561,17.54385964912281,2.9,1988-2000_PRE_ICDO3,WEAK,NO_CODING_BOUNDARY_AT_BREAK,2001,THYROID_CASE_TOTAL_ONLY_COMPOSITIONAL_NO_POPULATION_DENOMINATOR,UNAVAILABLE_IN_OPEN_CI5PLUS_DETAILED_EXPORT,IARC CI5plus Detailed official morphology export,https://ci5.iarc.who.int/ci5plus/download/
Croatia,HRV,1998,both,1,national,244,175,17,13,3,4,32,244,YES,71.72131147540983,6.967213114754099,5.327868852459017,1.2295081967213115,1.639344262295082,13.114754098360656,10.294117647058824,1988-2000_PRE_ICDO3,WEAK,NO_CODING_BOUNDARY_AT_BREAK,2001,THYROID_CASE_TOTAL_ONLY_COMPOSITIONAL_NO_POPULATION_DENOMINATOR,UNAVAILABLE_IN_OPEN_CI5PLUS_DETAILED_EXPORT,IARC CI5plus Detailed official morphology export,https://ci5.iarc.who.int/ci5plus/download/
Croatia,HRV,1998,female,1,national,198,153,10,8,2,2,23,198,YES,77.27272727272727,5.05050505050505,4.040404040404041,1.0101010101010102,1.0101010101010102,11.616161616161616,15.3,1988-2000_PRE_ICDO3,WEAK,NO_CODING_BOUNDARY_AT_BREAK,2001,THYROID_CASE_TOTAL_ONLY_COMPOSITIONAL_NO_POPULATION_DENOMINATOR,UNAVAILABLE_IN_OPEN_CI5PLUS_DETAILED_EXPORT,IARC CI5plus Detailed official morphology export,https://ci5.iarc.who.int/ci5plus/download/
Croatia,HRV,1998,male,1,national,46,22,7,5,1,2,9,46,YES,47.82608695652174,15.217391304347826,10.869565217391305,2.1739130434782608,4.3478260869565215,19.565217391304348,3.142857142857143,1988-2000_PRE_ICDO3,WEAK,NO_CODING_BOUNDARY_AT_BREAK,2001,THYROID_CASE_TOTAL_ONLY_COMPOSITIONAL_NO_POPULATION_DENOMINATOR,UNAVAILABLE_IN_OPEN_CI5PLUS_DETAILED_EXPORT,IARC CI5plus Detailed official morphology export,https://ci5.iarc.who.int/ci5plus/download/
Croatia,HRV,1999,both,1,national,361,206,44,8,3,7,93,361,YES,57.06371191135734,12.18836565096953,2.21606648199446,0.8310249307479224,1.9390581717451523,25.761772853185594,4.681818181818182,1988-2000_PRE_ICDO3,WEAK,NO_CODING_BOUNDARY_AT_BREAK,2001,THYROID_CASE_TOTAL_ONLY_COMPOSITIONAL_NO_POPULATION_DENOMINATOR,UNAVAILABLE_IN_OPEN_CI5PLUS_DETAILED_EXPORT,IARC CI5plus Detailed official morphology export,https://ci5.iarc.who.int/ci5plus/download/
Croatia,HRV,1999,female,1,national,284,166,34,6,2,5,71,284,YES,58.45070422535211,11.971830985915492,2.112676056338028,0.704225352112676,1.7605633802816902,25.0,4.882352941176471,1988-2000_PRE_ICDO3,WEAK,NO_CODING_BOUNDARY_AT_BREAK,2001,THYROID_CASE_TOTAL_ONLY_COMPOSITIONAL_NO_POPULATION_DENOMINATOR,UNAVAILABLE_IN_OPEN_CI5PLUS_DETAILED_EXPORT,IARC CI5plus Detailed official morphology export,https://ci5.iarc.who.int/ci5plus/download/
Croatia,HRV,1999,male,1,national,77,40,10,2,1,2,22,77,YES,51.94805194805195,12.987012987012987,2.5974025974025974,1.2987012987012987,2.5974025974025974,28.571428571428573,4.0,1988-2000_PRE_ICDO3,WEAK,NO_CODING_BOUNDARY_AT_BREAK,2001,THYROID_CASE_TOTAL_ONLY_COMPOSITIONAL_NO_POPULATION_DENOMINATOR,UNAVAILABLE_IN_OPEN_CI5PLUS_DETAILED_EXPORT,IARC CI5plus Detailed official morphology export,https://ci5.iarc.who.int/ci5plus/download/
Croatia,HRV,2000,both,1,national,335,245,38,13,3,1,35,335,YES,73.13432835820896,11.343283582089553,3.8805970149253732,0.8955223880597015,0.29850746268656714,10.447761194029852,6.447368421052632,1988-2000_PRE_ICDO3,WEAK,NO_CODING_BOUNDARY_AT_BREAK,2001,THYROID_CASE_TOTAL_ONLY_COMPOSITIONAL_NO_POPULATION_DENOMINATOR,UNAVAILABLE_IN_OPEN_CI5PLUS_DETAILED_EXPORT,IARC CI5plus Detailed official morphology export,https://ci5.iarc.who.int/ci5plus/download/
Croatia,HRV,2000,female,1,national,261,191,31,10,1,0,28,261,YES,73.1800766283525,11.877394636015326,3.8314176245210727,0.3831417624521073,0.0,10.727969348659004,6.161290322580645,1988-2000_PRE_ICDO3,WEAK,NO_CODING_BOUNDARY_AT_BREAK,2001,THYROID_CASE_TOTAL_ONLY_COMPOSITIONAL_NO_POPULATION_DENOMINATOR,UNAVAILABLE_IN_OPEN_CI5PLUS_DETAILED_EXPORT,IARC CI5plus Detailed official morphology export,https://ci5.iarc.who.int/ci5plus/download/
Croatia,HRV,2000,male,1,national,74,54,7,3,2,1,7,74,YES,72.97297297297297,9.45945945945946,4.054054054054054,2.7027027027027026,1.3513513513513513,9.45945945945946,7.714285714285714,1988-2000_PRE_ICDO3,WEAK,NO_CODING_BOUNDARY_AT_BREAK,2001,THYROID_CASE_TOTAL_ONLY_COMPOSITIONAL_NO_POPULATION_DENOMINATOR,UNAVAILABLE_IN_OPEN_CI5PLUS_DETAILED_EXPORT,IARC CI5plus Detailed official morphology export,https://ci5.iarc.who.int/ci5plus/download/
Croatia,HRV,2001,both,1,national,315,235,36,12,10,3,19,315,YES,74.60317460317461,11.428571428571429,3.8095238095238093,3.1746031746031744,0.9523809523809523,6.031746031746032,6.527777777777778,2001-2017_ICDO3,MODERATE,NO_CODING_BOUNDARY_AT_BREAK,2001,THYROID_CASE_TOTAL_ONLY_COMPOSITIONAL_NO_POPULATION_DENOMINATOR,UNAVAILABLE_IN_OPEN_CI5PLUS_DETAILED_EXPORT,IARC CI5plus Detailed official morphology export,https://ci5.iarc.who.int/ci5plus/download/
Croatia,HRV,2001,female,1,national,262,201,25,12,6,3,15,262,YES,76.7175572519084,9.541984732824428,4.580152671755725,2.2900763358778624,1.1450381679389312,5.7251908396946565,8.04,2001-2017_ICDO3,MODERATE,NO_CODING_BOUNDARY_AT_BREAK,2001,THYROID_CASE_TOTAL_ONLY_COMPOSITIONAL_NO_POPULATION_DENOMINATOR,UNAVAILABLE_IN_OPEN_CI5PLUS_DETAILED_EXPORT,IARC CI5plus Detailed official morphology export,https://ci5.iarc.who.int/ci5plus/download/
Croatia,HRV,2001,male,1,national,53,34,11,0,4,0,4,53,YES,64.15094339622641,20.754716981132077,0.0,7.547169811320755,0.0,7.547169811320755,3.090909090909091,2001-2017_ICDO3,MODERATE,NO_CODING_BOUNDARY_AT_BREAK,2001,THYROID_CASE_TOTAL_ONLY_COMPOSITIONAL_NO_POPULATION_DENOMINATOR,UNAVAILABLE_IN_OPEN_CI5PLUS_DETAILED_EXPORT,IARC CI5plus Detailed official morphology export,https://ci5.iarc.who.int/ci5plus/download/
Croatia,HRV,2002,both,1,national,339,251,32,21,8,2,25,339,YES,74.04129793510324,9.43952802359882,6.1946902654867255,2.359882005899705,0.5899705014749262,7.374631268436578,7.84375,2001-2017_ICDO3,MODERATE,NO_CODING_BOUNDARY_AT_BREAK,2001,THYROID_CASE_TOTAL_ONLY_COMPOSITIONAL_NO_POPULATION_DENOMINATOR,UNAVAILABLE_IN_OPEN_CI5PLUS_DETAILED_EXPORT,IARC CI5plus Detailed official morphology export,https://ci5.iarc.who.int/ci5plus/download/
Croatia,HRV,2002,female,1,national,275,204,29,18,5,2,17,275,YES,74.18181818181819,10.545454545454545,6.545454545454546,1.8181818181818181,0.7272727272727273,6.181818181818182,7.0344827586206895,2001-2017_ICDO3,MODERATE,NO_CODING_BOUNDARY_AT_BREAK,2001,THYROID_CASE_TOTAL_ONLY_COMPOSITIONAL_NO_POPULATION_DENOMINATOR,UNAVAILABLE_IN_OPEN_CI5PLUS_DETAILED_EXPORT,IARC CI5plus Detailed official morphology export,https://ci5.iarc.who.int/ci5plus/download/
Croatia,HRV,2002,male,1,national,64,47,3,3,3,0,8,64,YES,73.4375,4.6875,4.6875,4.6875,0.0,12.5,15.666666666666666,2001-2017_ICDO3,MODERATE,NO_CODING_BOUNDARY_AT_BREAK,2001,THYROID_CASE_TOTAL_ONLY_COMPOSITIONAL_NO_POPULATION_DENOMINATOR,UNAVAILABLE_IN_OPEN_CI5PLUS_DETAILED_EXPORT,IARC CI5plus Detailed official morphology export,https://ci5.iarc.who.int/ci5plus/download/
Croatia,HRV,2003,both,1,national,364,287,29,17,4,2,25,364,YES,78.84615384615384,7.967032967032967,4.670329670329671,1.098901098901099,0.5494505494505495,6.868131868131868,9.89655172413793,2001-2017_ICDO3,MODERATE,NO_CODING_BOUNDARY_AT_BREAK,2001,THYROID_CASE_TOTAL_ONLY_COMPOSITIONAL_NO_POPULATION_DENOMINATOR,UNAVAILABLE_IN_OPEN_CI5PLUS_DETAILED_EXPORT,IARC CI5plus Detailed official morphology export,https://ci5.iarc.who.int/ci5plus/download/
Croatia,HRV,2003,female,1,national,295,239,23,11,1,1,20,295,YES,81.01694915254237,7.796610169491525,3.7288135593220337,0.3389830508474576,0.3389830508474576,6.779661016949152,10.391304347826088,2001-2017_ICDO3,MODERATE,NO_CODING_BOUNDARY_AT_BREAK,2001,THYROID_CASE_TOTAL_ONLY_COMPOSITIONAL_NO_POPULATION_DENOMINATOR,UNAVAILABLE_IN_OPEN_CI5PLUS_DETAILED_EXPORT,IARC CI5plus Detailed official morphology export,https://ci5.iarc.who.int/ci5plus/download/
Croatia,HRV,2003,male,1,national,69,48,6,6,3,1,5,69,YES,69.56521739130434,8.695652173913043,8.695652173913043,4.3478260869565215,1.4492753623188406,7.246376811594203,8.0,2001-2017_ICDO3,MODERATE,NO_CODING_BOUNDARY_AT_BREAK,2001,THYROID_CASE_TOTAL_ONLY_COMPOSITIONAL_NO_POPULATION_DENOMINATOR,UNAVAILABLE_IN_OPEN_CI5PLUS_DETAILED_EXPORT,IARC CI5plus Detailed official morphology export,https://ci5.iarc.who.int/ci5plus/download/
Croatia,HRV,2004,both,1,national,408,313,37,21,13,2,22,408,YES,76.7156862745098,9.068627450980392,5.147058823529412,3.1862745098039214,0.49019607843137253,5.392156862745098,8.45945945945946,2001-2017_ICDO3,MODERATE,NO_CODING_BOUNDARY_AT_BREAK,2001,THYROID_CASE_TOTAL_ONLY_COMPOSITIONAL_NO_POPULATION_DENOMINATOR,UNAVAILABLE_IN_OPEN_CI5PLUS_DETAILED_EXPORT,IARC CI5plus Detailed official morphology export,https://ci5.iarc.who.int/ci5plus/download/
Croatia,HRV,2004,female,1,national,318,251,31,12,9,0,15,318,YES,78.93081761006289,9.748427672955975,3.7735849056603774,2.830188679245283,0.0,4.716981132075472,8.096774193548388,2001-2017_ICDO3,MODERATE,NO_CODING_BOUNDARY_AT_BREAK,2001,THYROID_CASE_TOTAL_ONLY_COMPOSITIONAL_NO_POPULATION_DENOMINATOR,UNAVAILABLE_IN_OPEN_CI5PLUS_DETAILED_EXPORT,IARC CI5plus Detailed official morphology export,https://ci5.iarc.who.int/ci5plus/download/
Croatia,HRV,2004,male,1,national,90,62,6,9,4,2,7,90,YES,68.88888888888889,6.666666666666667,10.0,4.444444444444445,2.2222222222222223,7.777777777777778,10.333333333333334,2001-2017_ICDO3,MODERATE,NO_CODING_BOUNDARY_AT_BREAK,2001,THYROID_CASE_TOTAL_ONLY_COMPOSITIONAL_NO_POPULATION_DENOMINATOR,UNAVAILABLE_IN_OPEN_CI5PLUS_DETAILED_EXPORT,IARC CI5plus Detailed official morphology export,https://ci5.iarc.who.int/ci5plus/download/
Croatia,HRV,2005,both,1,national,433,314,54,25,5,4,31,433,YES,72.51732101616628,12.471131639722863,5.773672055427252,1.1547344110854503,0.9237875288683602,7.159353348729792,5.814814814814815,2001-2017_ICDO3,MODERATE,NO_CODING_BOUNDARY_AT_BREAK,2001,THYROID_CASE_TOTAL_ONLY_COMPOSITIONAL_NO_POPULATION_DENOMINATOR,UNAVAILABLE_IN_OPEN_CI5PLUS_DETAILED_EXPORT,IARC CI5plus Detailed official morphology export,https://ci5.iarc.who.int/ci5plus/download/
Croatia,HRV,2005,female,1,national,347,265,40,18,3,2,19,347,YES,76.36887608069165,11.527377521613833,5.187319884726225,0.8645533141210374,0.5763688760806917,5.475504322766571,6.625,2001-2017_ICDO3,MODERATE,NO_CODING_BOUNDARY_AT_BREAK,2001,THYROID_CASE_TOTAL_ONLY_COMPOSITIONAL_NO_POPULATION_DENOMINATOR,UNAVAILABLE_IN_OPEN_CI5PLUS_DETAILED_EXPORT,IARC CI5plus Detailed official morphology export,https://ci5.iarc.who.int/ci5plus/download/
Croatia,HRV,2005,male,1,national,86,49,14,7,2,2,12,86,YES,56.97674418604651,16.27906976744186,8.13953488372093,2.3255813953488373,2.3255813953488373,13.953488372093023,3.5,2001-2017_ICDO3,MODERATE,NO_CODING_BOUNDARY_AT_BREAK,2001,THYROID_CASE_TOTAL_ONLY_COMPOSITIONAL_NO_POPULATION_DENOMINATOR,UNAVAILABLE_IN_OPEN_CI5PLUS_DETAILED_EXPORT,IARC CI5plus Detailed official morphology export,https://ci5.iarc.who.int/ci5plus/download/
Croatia,HRV,2006,both,1,national,431,335,45,24,6,2,19,431,YES,77.7262180974478,10.440835266821345,5.568445475638051,1.3921113689095128,0.46403712296983757,4.408352668213457,7.444444444444445,2001-2017_ICDO3,MODERATE,NO_CODING_BOUNDARY_AT_BREAK,2001,THYROID_CASE_TOTAL_ONLY_COMPOSITIONAL_NO_POPULATION_DENOMINATOR,UNAVAILABLE_IN_OPEN_CI5PLUS_DETAILED_EXPORT,IARC CI5plus Detailed official morphology export,https://ci5.iarc.who.int/ci5plus/download/
Croatia,HRV,2006,female,1,national,342,277,32,14,4,1,14,342,YES,80.99415204678363,9.35672514619883,4.093567251461988,1.1695906432748537,0.29239766081871343,4.093567251461988,8.65625,2001-2017_ICDO3,MODERATE,NO_CODING_BOUNDARY_AT_BREAK,2001,THYROID_CASE_TOTAL_ONLY_COMPOSITIONAL_NO_POPULATION_DENOMINATOR,UNAVAILABLE_IN_OPEN_CI5PLUS_DETAILED_EXPORT,IARC CI5plus Detailed official morphology export,https://ci5.iarc.who.int/ci5plus/download/
Croatia,HRV,2006,male,1,national,89,58,13,10,2,1,5,89,YES,65.1685393258427,14.606741573033707,11.235955056179776,2.247191011235955,1.1235955056179776,5.617977528089888,4.461538461538462,2001-2017_ICDO3,MODERATE,NO_CODING_BOUNDARY_AT_BREAK,2001,THYROID_CASE_TOTAL_ONLY_COMPOSITIONAL_NO_POPULATION_DENOMINATOR,UNAVAILABLE_IN_OPEN_CI5PLUS_DETAILED_EXPORT,IARC CI5plus Detailed official morphology export,https://ci5.iarc.who.int/ci5plus/download/
Croatia,HRV,2007,both,1,national,476,383,38,23,2,3,27,476,YES,80.46218487394958,7.983193277310924,4.831932773109243,0.42016806722689076,0.6302521008403361,5.6722689075630255,10.078947368421053,2001-2017_ICDO3,MODERATE,NO_CODING_BOUNDARY_AT_BREAK,2001,THYROID_CASE_TOTAL_ONLY_COMPOSITIONAL_NO_POPULATION_DENOMINATOR,UNAVAILABLE_IN_OPEN_CI5PLUS_DETAILED_EXPORT,IARC CI5plus Detailed official morphology export,https://ci5.iarc.who.int/ci5plus/download/
Croatia,HRV,2007,female,1,national,399,323,31,20,2,2,21,399,YES,80.95238095238095,7.769423558897243,5.012531328320802,0.5012531328320802,0.5012531328320802,5.2631578947368425,10.419354838709678,2001-2017_ICDO3,MODERATE,NO_CODING_BOUNDARY_AT_BREAK,2001,THYROID_CASE_TOTAL_ONLY_COMPOSITIONAL_NO_POPULATION_DENOMINATOR,UNAVAILABLE_IN_OPEN_CI5PLUS_DETAILED_EXPORT,IARC CI5plus Detailed official morphology export,https://ci5.iarc.who.int/ci5plus/download/
Croatia,HRV,2007,male,1,national,77,60,7,3,0,1,6,77,YES,77.92207792207792,9.090909090909092,3.896103896103896,0.0,1.2987012987012987,7.792207792207792,8.571428571428571,2001-2017_ICDO3,MODERATE,NO_CODING_BOUNDARY_AT_BREAK,2001,THYROID_CASE_TOTAL_ONLY_COMPOSITIONAL_NO_POPULATION_DENOMINATOR,UNAVAILABLE_IN_OPEN_CI5PLUS_DETAILED_EXPORT,IARC CI5plus Detailed official morphology export,https://ci5.iarc.who.int/ci5plus/download/
Croatia,HRV,2008,both,1,national,522,407,45,22,3,3,42,522,YES,77.96934865900383,8.620689655172415,4.21455938697318,0.5747126436781609,0.5747126436781609,8.045977011494253,9.044444444444444,2001-2017_ICDO3,MODERATE,NO_CODING_BOUNDARY_AT_BREAK,2001,THYROID_CASE_TOTAL_ONLY_COMPOSITIONAL_NO_POPULATION_DENOMINATOR,UNAVAILABLE_IN_OPEN_CI5PLUS_DETAILED_EXPORT,IARC CI5plus Detailed official morphology export,https://ci5.iarc.who.int/ci5plus/download/
Croatia,HRV,2008,female,1,national,422,335,38,13,3,3,30,422,YES,79.38388625592417,9.004739336492891,3.080568720379147,0.7109004739336493,0.7109004739336493,7.109004739336493,8.81578947368421,2001-2017_ICDO3,MODERATE,NO_CODING_BOUNDARY_AT_BREAK,2001,THYROID_CASE_TOTAL_ONLY_COMPOSITIONAL_NO_POPULATION_DENOMINATOR,UNAVAILABLE_IN_OPEN_CI5PLUS_DETAILED_EXPORT,IARC CI5plus Detailed official morphology export,https://ci5.iarc.who.int/ci5plus/download/
Croatia,HRV,2008,male,1,national,100,72,7,9,0,0,12,100,YES,72.0,7.0,9.0,0.0,0.0,12.0,10.285714285714286,2001-2017_ICDO3,MODERATE,NO_CODING_BOUNDARY_AT_BREAK,2001,THYROID_CASE_TOTAL_ONLY_COMPOSITIONAL_NO_POPULATION_DENOMINATOR,UNAVAILABLE_IN_OPEN_CI5PLUS_DETAILED_EXPORT,IARC CI5plus Detailed official morphology export,https://ci5.iarc.who.int/ci5plus/download/
Croatia,HRV,2009,both,1,national,536,439,40,24,9,2,22,536,YES,81.90298507462687,7.462686567164179,4.477611940298507,1.6791044776119404,0.373134328358209,4.104477611940299,10.975,2001-2017_ICDO3,MODERATE,NO_CODING_BOUNDARY_AT_BREAK,2001,THYROID_CASE_TOTAL_ONLY_COMPOSITIONAL_NO_POPULATION_DENOMINATOR,UNAVAILABLE_IN_OPEN_CI5PLUS_DETAILED_EXPORT,IARC CI5plus Detailed official morphology export,https://ci5.iarc.who.int/ci5plus/download/
Croatia,HRV,2009,female,1,national,415,346,27,16,6,2,18,415,YES,83.37349397590361,6.506024096385542,3.855421686746988,1.4457831325301205,0.4819277108433735,4.337349397590361,12.814814814814815,2001-2017_ICDO3,MODERATE,NO_CODING_BOUNDARY_AT_BREAK,2001,THYROID_CASE_TOTAL_ONLY_COMPOSITIONAL_NO_POPULATION_DENOMINATOR,UNAVAILABLE_IN_OPEN_CI5PLUS_DETAILED_EXPORT,IARC CI5plus Detailed official morphology export,https://ci5.iarc.who.int/ci5plus/download/
Croatia,HRV,2009,male,1,national,121,93,13,8,3,0,4,121,YES,76.85950413223141,10.743801652892563,6.6115702479338845,2.479338842975207,0.0,3.3057851239669422,7.153846153846154,2001-2017_ICDO3,MODERATE,NO_CODING_BOUNDARY_AT_BREAK,2001,THYROID_CASE_TOTAL_ONLY_COMPOSITIONAL_NO_POPULATION_DENOMINATOR,UNAVAILABLE_IN_OPEN_CI5PLUS_DETAILED_EXPORT,IARC CI5plus Detailed official morphology export,https://ci5.iarc.who.int/ci5plus/download/
Croatia,HRV,2010,both,1,national,537,436,37,16,1,2,45,537,YES,81.19180633147114,6.890130353817504,2.97951582867784,0.186219739292365,0.37243947858473,8.379888268156424,11.783783783783784,2001-2017_ICDO3,MODERATE,NO_CODING_BOUNDARY_AT_BREAK,2001,THYROID_CASE_TOTAL_ONLY_COMPOSITIONAL_NO_POPULATION_DENOMINATOR,UNAVAILABLE_IN_OPEN_CI5PLUS_DETAILED_EXPORT,IARC CI5plus Detailed official morphology export,https://ci5.iarc.who.int/ci5plus/download/
Croatia,HRV,2010,female,1,national,434,357,33,13,0,0,31,434,YES,82.25806451612904,7.6036866359447,2.9953917050691246,0.0,0.0,7.142857142857143,10.818181818181818,2001-2017_ICDO3,MODERATE,NO_CODING_BOUNDARY_AT_BREAK,2001,THYROID_CASE_TOTAL_ONLY_COMPOSITIONAL_NO_POPULATION_DENOMINATOR,UNAVAILABLE_IN_OPEN_CI5PLUS_DETAILED_EXPORT,IARC CI5plus Detailed official morphology export,https://ci5.iarc.who.int/ci5plus/download/
Croatia,HRV,2010,male,1,national,103,79,4,3,1,2,14,103,YES,76.69902912621359,3.883495145631068,2.912621359223301,0.970873786407767,1.941747572815534,13.592233009708737,19.75,2001-2017_ICDO3,MODERATE,NO_CODING_BOUNDARY_AT_BREAK,2001,THYROID_CASE_TOTAL_ONLY_COMPOSITIONAL_NO_POPULATION_DENOMINATOR,UNAVAILABLE_IN_OPEN_CI5PLUS_DETAILED_EXPORT,IARC CI5plus Detailed official morphology export,https://ci5.iarc.who.int/ci5plus/download/
Croatia,HRV,2011,both,1,national,538,416,40,17,3,2,60,538,YES,77.32342007434944,7.434944237918216,3.159851301115242,0.5576208178438662,0.37174721189591076,11.152416356877323,10.4,2001-2017_ICDO3,MODERATE,NO_CODING_BOUNDARY_AT_BREAK,2001,THYROID_CASE_TOTAL_ONLY_COMPOSITIONAL_NO_POPULATION_DENOMINATOR,UNAVAILABLE_IN_OPEN_CI5PLUS_DETAILED_EXPORT,IARC CI5plus Detailed official morphology export,https://ci5.iarc.who.int/ci5plus/download/
Croatia,HRV,2011,female,1,national,427,334,31,13,3,0,46,427,YES,78.22014051522248,7.259953161592506,3.0444964871194378,0.702576112412178,0.0,10.772833723653395,10.774193548387096,2001-2017_ICDO3,MODERATE,NO_CODING_BOUNDARY_AT_BREAK,2001,THYROID_CASE_TOTAL_ONLY_COMPOSITIONAL_NO_POPULATION_DENOMINATOR,UNAVAILABLE_IN_OPEN_CI5PLUS_DETAILED_EXPORT,IARC CI5plus Detailed official morphology export,https://ci5.iarc.who.int/ci5plus/download/
Croatia,HRV,2011,male,1,national,111,82,9,4,0,2,14,111,YES,73.87387387387388,8.108108108108109,3.6036036036036037,0.0,1.8018018018018018,12.612612612612613,9.11111111111111,2001-2017_ICDO3,MODERATE,NO_CODING_BOUNDARY_AT_BREAK,2001,THYROID_CASE_TOTAL_ONLY_COMPOSITIONAL_NO_POPULATION_DENOMINATOR,UNAVAILABLE_IN_OPEN_CI5PLUS_DETAILED_EXPORT,IARC CI5plus Detailed official morphology export,https://ci5.iarc.who.int/ci5plus/download/
Croatia,HRV,2012,both,1,national,559,448,39,12,5,4,51,559,YES,80.14311270125224,6.976744186046512,2.146690518783542,0.8944543828264758,0.7155635062611807,9.123434704830053,11.487179487179487,2001-2017_ICDO3,MODERATE,NO_CODING_BOUNDARY_AT_BREAK,2001,THYROID_CASE_TOTAL_ONLY_COMPOSITIONAL_NO_POPULATION_DENOMINATOR,UNAVAILABLE_IN_OPEN_CI5PLUS_DETAILED_EXPORT,IARC CI5plus Detailed official morphology export,https://ci5.iarc.who.int/ci5plus/download/
Croatia,HRV,2012,female,1,national,438,357,26,6,4,4,41,438,YES,81.5068493150685,5.936073059360731,1.36986301369863,0.91324200913242,0.91324200913242,9.360730593607306,13.73076923076923,2001-2017_ICDO3,MODERATE,NO_CODING_BOUNDARY_AT_BREAK,2001,THYROID_CASE_TOTAL_ONLY_COMPOSITIONAL_NO_POPULATION_DENOMINATOR,UNAVAILABLE_IN_OPEN_CI5PLUS_DETAILED_EXPORT,IARC CI5plus Detailed official morphology export,https://ci5.iarc.who.int/ci5plus/download/
Croatia,HRV,2012,male,1,national,121,91,13,6,1,0,10,121,YES,75.20661157024793,10.743801652892563,4.958677685950414,0.8264462809917356,0.0,8.264462809917354,7.0,2001-2017_ICDO3,MODERATE,NO_CODING_BOUNDARY_AT_BREAK,2001,THYROID_CASE_TOTAL_ONLY_COMPOSITIONAL_NO_POPULATION_DENOMINATOR,UNAVAILABLE_IN_OPEN_CI5PLUS_DETAILED_EXPORT,IARC CI5plus Detailed official morphology export,https://ci5.iarc.who.int/ci5plus/download/
Croatia,HRV,2013,both,1,national,605,476,32,21,7,5,64,605,YES,78.67768595041322,5.289256198347108,3.4710743801652892,1.1570247933884297,0.8264462809917356,10.578512396694215,14.875,2001-2017_ICDO3,MODERATE,NO_CODING_BOUNDARY_AT_BREAK,2001,THYROID_CASE_TOTAL_ONLY_COMPOSITIONAL_NO_POPULATION_DENOMINATOR,UNAVAILABLE_IN_OPEN_CI5PLUS_DETAILED_EXPORT,IARC CI5plus Detailed official morphology export,https://ci5.iarc.who.int/ci5plus/download/
Croatia,HRV,2013,female,1,national,454,359,31,6,5,3,50,454,YES,79.0748898678414,6.828193832599119,1.3215859030837005,1.1013215859030836,0.6607929515418502,11.013215859030836,11.580645161290322,2001-2017_ICDO3,MODERATE,NO_CODING_BOUNDARY_AT_BREAK,2001,THYROID_CASE_TOTAL_ONLY_COMPOSITIONAL_NO_POPULATION_DENOMINATOR,UNAVAILABLE_IN_OPEN_CI5PLUS_DETAILED_EXPORT,IARC CI5plus Detailed official morphology export,https://ci5.iarc.who.int/ci5plus/download/
Croatia,HRV,2013,male,1,national,151,117,1,15,2,2,14,151,YES,77.48344370860927,0.6622516556291391,9.933774834437086,1.3245033112582782,1.3245033112582782,9.271523178807946,117.0,2001-2017_ICDO3,MODERATE,NO_CODING_BOUNDARY_AT_BREAK,2001,THYROID_CASE_TOTAL_ONLY_COMPOSITIONAL_NO_POPULATION_DENOMINATOR,UNAVAILABLE_IN_OPEN_CI5PLUS_DETAILED_EXPORT,IARC CI5plus Detailed official morphology export,https://ci5.iarc.who.int/ci5plus/download/
Croatia,HRV,2014,both,1,national,650,553,32,20,7,3,35,650,YES,85.07692307692308,4.923076923076923,3.076923076923077,1.0769230769230769,0.46153846153846156,5.384615384615385,17.28125,2001-2017_ICDO3,MODERATE,NO_CODING_BOUNDARY_AT_BREAK,2001,THYROID_CASE_TOTAL_ONLY_COMPOSITIONAL_NO_POPULATION_DENOMINATOR,UNAVAILABLE_IN_OPEN_CI5PLUS_DETAILED_EXPORT,IARC CI5plus Detailed official morphology export,https://ci5.iarc.who.int/ci5plus/download/
Croatia,HRV,2014,female,1,national,526,450,26,14,6,3,27,526,YES,85.55133079847909,4.942965779467681,2.661596958174905,1.1406844106463878,0.5703422053231939,5.133079847908745,17.307692307692307,2001-2017_ICDO3,MODERATE,NO_CODING_BOUNDARY_AT_BREAK,2001,THYROID_CASE_TOTAL_ONLY_COMPOSITIONAL_NO_POPULATION_DENOMINATOR,UNAVAILABLE_IN_OPEN_CI5PLUS_DETAILED_EXPORT,IARC CI5plus Detailed official morphology export,https://ci5.iarc.who.int/ci5plus/download/
Croatia,HRV,2014,male,1,national,124,103,6,6,1,0,8,124,YES,83.06451612903226,4.838709677419355,4.838709677419355,0.8064516129032258,0.0,6.451612903225806,17.166666666666668,2001-2017_ICDO3,MODERATE,NO_CODING_BOUNDARY_AT_BREAK,2001,THYROID_CASE_TOTAL_ONLY_COMPOSITIONAL_NO_POPULATION_DENOMINATOR,UNAVAILABLE_IN_OPEN_CI5PLUS_DETAILED_EXPORT,IARC CI5plus Detailed official morphology export,https://ci5.iarc.who.int/ci5plus/download/
Croatia,HRV,2015,both,1,national,776,665,60,24,5,3,19,776,YES,85.69587628865979,7.731958762886598,3.0927835051546393,0.6443298969072165,0.3865979381443299,2.448453608247423,11.083333333333334,2001-2017_ICDO3,MODERATE,NO_CODING_BOUNDARY_AT_BREAK,2001,THYROID_CASE_TOTAL_ONLY_COMPOSITIONAL_NO_POPULATION_DENOMINATOR,UNAVAILABLE_IN_OPEN_CI5PLUS_DETAILED_EXPORT,IARC CI5plus Detailed official morphology export,https://ci5.iarc.who.int/ci5plus/download/
Croatia,HRV,2015,female,1,national,620,540,47,15,2,1,15,620,YES,87.09677419354838,7.580645161290323,2.4193548387096775,0.3225806451612903,0.16129032258064516,2.4193548387096775,11.48936170212766,2001-2017_ICDO3,MODERATE,NO_CODING_BOUNDARY_AT_BREAK,2001,THYROID_CASE_TOTAL_ONLY_COMPOSITIONAL_NO_POPULATION_DENOMINATOR,UNAVAILABLE_IN_OPEN_CI5PLUS_DETAILED_EXPORT,IARC CI5plus Detailed official morphology export,https://ci5.iarc.who.int/ci5plus/download/
Croatia,HRV,2015,male,1,national,156,125,13,9,3,2,4,156,YES,80.12820512820512,8.333333333333334,5.769230769230769,1.9230769230769231,1.2820512820512822,2.5641025641025643,9.615384615384615,2001-2017_ICDO3,MODERATE,NO_CODING_BOUNDARY_AT_BREAK,2001,THYROID_CASE_TOTAL_ONLY_COMPOSITIONAL_NO_POPULATION_DENOMINATOR,UNAVAILABLE_IN_OPEN_CI5PLUS_DETAILED_EXPORT,IARC CI5plus Detailed official morphology export,https://ci5.iarc.who.int/ci5plus/download/
Croatia,HRV,2016,both,1,national,667,563,50,20,4,0,30,667,YES,84.40779610194903,7.496251874062969,2.998500749625187,0.5997001499250375,0.0,4.497751124437781,11.26,2001-2017_ICDO3,MODERATE,NO_CODING_BOUNDARY_AT_BREAK,2001,THYROID_CASE_TOTAL_ONLY_COMPOSITIONAL_NO_POPULATION_DENOMINATOR,UNAVAILABLE_IN_OPEN_CI5PLUS_DETAILED_EXPORT,IARC CI5plus Detailed official morphology export,https://ci5.iarc.who.int/ci5plus/download/
Croatia,HRV,2016,female,1,national,511,439,36,9,3,0,24,511,YES,85.90998043052838,7.045009784735812,1.761252446183953,0.5870841487279843,0.0,4.6966731898238745,12.194444444444445,2001-2017_ICDO3,MODERATE,NO_CODING_BOUNDARY_AT_BREAK,2001,THYROID_CASE_TOTAL_ONLY_COMPOSITIONAL_NO_POPULATION_DENOMINATOR,UNAVAILABLE_IN_OPEN_CI5PLUS_DETAILED_EXPORT,IARC CI5plus Detailed official morphology export,https://ci5.iarc.who.int/ci5plus/download/
Croatia,HRV,2016,male,1,national,156,124,14,11,1,0,6,156,YES,79.48717948717949,8.974358974358974,7.051282051282051,0.6410256410256411,0.0,3.8461538461538463,8.857142857142858,2001-2017_ICDO3,MODERATE,NO_CODING_BOUNDARY_AT_BREAK,2001,THYROID_CASE_TOTAL_ONLY_COMPOSITIONAL_NO_POPULATION_DENOMINATOR,UNAVAILABLE_IN_OPEN_CI5PLUS_DETAILED_EXPORT,IARC CI5plus Detailed official morphology export,https://ci5.iarc.who.int/ci5plus/download/
Croatia,HRV,2017,both,1,national,713,589,30,17,5,4,68,713,YES,82.6086956521739,4.207573632538569,2.3842917251051894,0.7012622720897616,0.5610098176718092,9.537166900420758,19.633333333333333,2001-2017_ICDO3,MODERATE,NO_CODING_BOUNDARY_AT_BREAK,2001,THYROID_CASE_TOTAL_ONLY_COMPOSITIONAL_NO_POPULATION_DENOMINATOR,UNAVAILABLE_IN_OPEN_CI5PLUS_DETAILED_EXPORT,IARC CI5plus Detailed official morphology export,https://ci5.iarc.who.int/ci5plus/download/
Croatia,HRV,2017,female,1,national,561,465,23,13,4,3,53,561,YES,82.88770053475936,4.09982174688057,2.3172905525846703,0.7130124777183601,0.5347593582887701,9.44741532976827,20.217391304347824,2001-2017_ICDO3,MODERATE,NO_CODING_BOUNDARY_AT_BREAK,2001,THYROID_CASE_TOTAL_ONLY_COMPOSITIONAL_NO_POPULATION_DENOMINATOR,UNAVAILABLE_IN_OPEN_CI5PLUS_DETAILED_EXPORT,IARC CI5plus Detailed official morphology export,https://ci5.iarc.who.int/ci5plus/download/
Croatia,HRV,2017,male,1,national,152,124,7,4,1,1,15,152,YES,81.57894736842105,4.605263157894737,2.6315789473684212,0.6578947368421053,0.6578947368421053,9.868421052631579,17.714285714285715,2001-2017_ICDO3,MODERATE,NO_CODING_BOUNDARY_AT_BREAK,2001,THYROID_CASE_TOTAL_ONLY_COMPOSITIONAL_NO_POPULATION_DENOMINATOR,UNAVAILABLE_IN_OPEN_CI5PLUS_DETAILED_EXPORT,IARC CI5plus Detailed official morphology export,https://ci5.iarc.who.int/ci5plus/download/
New Zealand,NZL,1983,both,1,national,75,33,25,1,3,6,7,75,YES,44.0,33.333333333333336,1.3333333333333333,4.0,8.0,9.333333333333334,1.32,1983-2000_HIGH_CHANGING_UNSPECIFIED,WEAK,NO,2014,THYROID_CASE_TOTAL_ONLY_COMPOSITIONAL_NO_POPULATION_DENOMINATOR,UNAVAILABLE_IN_OPEN_CI5PLUS_DETAILED_EXPORT,IARC CI5plus Detailed official morphology export,https://ci5.iarc.who.int/ci5plus/download/
New Zealand,NZL,1983,female,1,national,57,29,17,1,2,4,4,57,YES,50.87719298245614,29.82456140350877,1.7543859649122806,3.508771929824561,7.017543859649122,7.017543859649122,1.7058823529411764,1983-2000_HIGH_CHANGING_UNSPECIFIED,WEAK,NO,2014,THYROID_CASE_TOTAL_ONLY_COMPOSITIONAL_NO_POPULATION_DENOMINATOR,UNAVAILABLE_IN_OPEN_CI5PLUS_DETAILED_EXPORT,IARC CI5plus Detailed official morphology export,https://ci5.iarc.who.int/ci5plus/download/
New Zealand,NZL,1983,male,1,national,18,4,8,0,1,2,3,18,YES,22.22222222222222,44.44444444444444,0.0,5.555555555555555,11.11111111111111,16.666666666666668,0.5,1983-2000_HIGH_CHANGING_UNSPECIFIED,WEAK,NO,2014,THYROID_CASE_TOTAL_ONLY_COMPOSITIONAL_NO_POPULATION_DENOMINATOR,UNAVAILABLE_IN_OPEN_CI5PLUS_DETAILED_EXPORT,IARC CI5plus Detailed official morphology export,https://ci5.iarc.who.int/ci5plus/download/
New Zealand,NZL,1984,both,1,national,77,33,28,5,4,2,5,77,YES,42.857142857142854,36.36363636363637,6.4935064935064934,5.194805194805195,2.5974025974025974,6.4935064935064934,1.1785714285714286,1983-2000_HIGH_CHANGING_UNSPECIFIED,WEAK,NO,2014,THYROID_CASE_TOTAL_ONLY_COMPOSITIONAL_NO_POPULATION_DENOMINATOR,UNAVAILABLE_IN_OPEN_CI5PLUS_DETAILED_EXPORT,IARC CI5plus Detailed official morphology export,https://ci5.iarc.who.int/ci5plus/download/
New Zealand,NZL,1984,female,1,national,49,23,16,3,3,1,3,49,YES,46.93877551020408,32.6530612244898,6.122448979591836,6.122448979591836,2.0408163265306123,6.122448979591836,1.4375,1983-2000_HIGH_CHANGING_UNSPECIFIED,WEAK,NO,2014,THYROID_CASE_TOTAL_ONLY_COMPOSITIONAL_NO_POPULATION_DENOMINATOR,UNAVAILABLE_IN_OPEN_CI5PLUS_DETAILED_EXPORT,IARC CI5plus Detailed official morphology export,https://ci5.iarc.who.int/ci5plus/download/
New Zealand,NZL,1984,male,1,national,28,10,12,2,1,1,2,28,YES,35.714285714285715,42.857142857142854,7.142857142857143,3.5714285714285716,3.5714285714285716,7.142857142857143,0.8333333333333334,1983-2000_HIGH_CHANGING_UNSPECIFIED,WEAK,NO,2014,THYROID_CASE_TOTAL_ONLY_COMPOSITIONAL_NO_POPULATION_DENOMINATOR,UNAVAILABLE_IN_OPEN_CI5PLUS_DETAILED_EXPORT,IARC CI5plus Detailed official morphology export,https://ci5.iarc.who.int/ci5plus/download/
New Zealand,NZL,1985,both,1,national,73,30,27,3,4,3,6,73,YES,41.0958904109589,36.986301369863014,4.109589041095891,5.47945205479452,4.109589041095891,8.219178082191782,1.1111111111111112,1983-2000_HIGH_CHANGING_UNSPECIFIED,WEAK,NO,2014,THYROID_CASE_TOTAL_ONLY_COMPOSITIONAL_NO_POPULATION_DENOMINATOR,UNAVAILABLE_IN_OPEN_CI5PLUS_DETAILED_EXPORT,IARC CI5plus Detailed official morphology export,https://ci5.iarc.who.int/ci5plus/download/
New Zealand,NZL,1985,female,1,national,58,26,24,2,2,1,3,58,YES,44.827586206896555,41.37931034482759,3.4482758620689653,3.4482758620689653,1.7241379310344827,5.172413793103448,1.0833333333333333,1983-2000_HIGH_CHANGING_UNSPECIFIED,WEAK,NO,2014,THYROID_CASE_TOTAL_ONLY_COMPOSITIONAL_NO_POPULATION_DENOMINATOR,UNAVAILABLE_IN_OPEN_CI5PLUS_DETAILED_EXPORT,IARC CI5plus Detailed official morphology export,https://ci5.iarc.who.int/ci5plus/download/
New Zealand,NZL,1985,male,1,national,15,4,3,1,2,2,3,15,YES,26.666666666666668,20.0,6.666666666666667,13.333333333333334,13.333333333333334,20.0,1.3333333333333333,1983-2000_HIGH_CHANGING_UNSPECIFIED,WEAK,NO,2014,THYROID_CASE_TOTAL_ONLY_COMPOSITIONAL_NO_POPULATION_DENOMINATOR,UNAVAILABLE_IN_OPEN_CI5PLUS_DETAILED_EXPORT,IARC CI5plus Detailed official morphology export,https://ci5.iarc.who.int/ci5plus/download/
New Zealand,NZL,1986,both,1,national,81,36,30,4,3,1,7,81,YES,44.44444444444444,37.03703703703704,4.938271604938271,3.7037037037037037,1.2345679012345678,8.641975308641975,1.2,1983-2000_HIGH_CHANGING_UNSPECIFIED,WEAK,NO,2014,THYROID_CASE_TOTAL_ONLY_COMPOSITIONAL_NO_POPULATION_DENOMINATOR,UNAVAILABLE_IN_OPEN_CI5PLUS_DETAILED_EXPORT,IARC CI5plus Detailed official morphology export,https://ci5.iarc.who.int/ci5plus/download/
New Zealand,NZL,1986,female,1,national,60,28,24,2,2,0,4,60,YES,46.666666666666664,40.0,3.3333333333333335,3.3333333333333335,0.0,6.666666666666667,1.1666666666666667,1983-2000_HIGH_CHANGING_UNSPECIFIED,WEAK,NO,2014,THYROID_CASE_TOTAL_ONLY_COMPOSITIONAL_NO_POPULATION_DENOMINATOR,UNAVAILABLE_IN_OPEN_CI5PLUS_DETAILED_EXPORT,IARC CI5plus Detailed official morphology export,https://ci5.iarc.who.int/ci5plus/download/
New Zealand,NZL,1986,male,1,national,21,8,6,2,1,1,3,21,YES,38.095238095238095,28.571428571428573,9.523809523809524,4.761904761904762,4.761904761904762,14.285714285714286,1.3333333333333333,1983-2000_HIGH_CHANGING_UNSPECIFIED,WEAK,NO,2014,THYROID_CASE_TOTAL_ONLY_COMPOSITIONAL_NO_POPULATION_DENOMINATOR,UNAVAILABLE_IN_OPEN_CI5PLUS_DETAILED_EXPORT,IARC CI5plus Detailed official morphology export,https://ci5.iarc.who.int/ci5plus/download/
New Zealand,NZL,1987,both,1,national,87,40,24,2,6,2,13,87,YES,45.97701149425287,27.586206896551722,2.2988505747126435,6.896551724137931,2.2988505747126435,14.942528735632184,1.6666666666666667,1983-2000_HIGH_CHANGING_UNSPECIFIED,WEAK,NO,2014,THYROID_CASE_TOTAL_ONLY_COMPOSITIONAL_NO_POPULATION_DENOMINATOR,UNAVAILABLE_IN_OPEN_CI5PLUS_DETAILED_EXPORT,IARC CI5plus Detailed official morphology export,https://ci5.iarc.who.int/ci5plus/download/
New Zealand,NZL,1987,female,1,national,61,26,15,1,6,1,12,61,YES,42.622950819672134,24.59016393442623,1.639344262295082,9.836065573770492,1.639344262295082,19.672131147540984,1.7333333333333334,1983-2000_HIGH_CHANGING_UNSPECIFIED,WEAK,NO,2014,THYROID_CASE_TOTAL_ONLY_COMPOSITIONAL_NO_POPULATION_DENOMINATOR,UNAVAILABLE_IN_OPEN_CI5PLUS_DETAILED_EXPORT,IARC CI5plus Detailed official morphology export,https://ci5.iarc.who.int/ci5plus/download/
New Zealand,NZL,1987,male,1,national,26,14,9,1,0,1,1,26,YES,53.84615384615385,34.61538461538461,3.8461538461538463,0.0,3.8461538461538463,3.8461538461538463,1.5555555555555556,1983-2000_HIGH_CHANGING_UNSPECIFIED,WEAK,NO,2014,THYROID_CASE_TOTAL_ONLY_COMPOSITIONAL_NO_POPULATION_DENOMINATOR,UNAVAILABLE_IN_OPEN_CI5PLUS_DETAILED_EXPORT,IARC CI5plus Detailed official morphology export,https://ci5.iarc.who.int/ci5plus/download/
New Zealand,NZL,1988,both,1,national,92,0,0,0,0,0,92,92,YES,0.0,0.0,0.0,0.0,0.0,100.0,,1983-2000_HIGH_CHANGING_UNSPECIFIED,WEAK,NO,2014,THYROID_CASE_TOTAL_ONLY_COMPOSITIONAL_NO_POPULATION_DENOMINATOR,UNAVAILABLE_IN_OPEN_CI5PLUS_DETAILED_EXPORT,IARC CI5plus Detailed official morphology export,https://ci5.iarc.who.int/ci5plus/download/
New Zealand,NZL,1988,female,1,national,68,0,0,0,0,0,68,68,YES,0.0,0.0,0.0,0.0,0.0,100.0,,1983-2000_HIGH_CHANGING_UNSPECIFIED,WEAK,NO,2014,THYROID_CASE_TOTAL_ONLY_COMPOSITIONAL_NO_POPULATION_DENOMINATOR,UNAVAILABLE_IN_OPEN_CI5PLUS_DETAILED_EXPORT,IARC CI5plus Detailed official morphology export,https://ci5.iarc.who.int/ci5plus/download/
New Zealand,NZL,1988,male,1,national,24,0,0,0,0,0,24,24,YES,0.0,0.0,0.0,0.0,0.0,100.0,,1983-2000_HIGH_CHANGING_UNSPECIFIED,WEAK,NO,2014,THYROID_CASE_TOTAL_ONLY_COMPOSITIONAL_NO_POPULATION_DENOMINATOR,UNAVAILABLE_IN_OPEN_CI5PLUS_DETAILED_EXPORT,IARC CI5plus Detailed official morphology export,https://ci5.iarc.who.int/ci5plus/download/
New Zealand,NZL,1989,both,1,national,98,0,0,0,0,0,98,98,YES,0.0,0.0,0.0,0.0,0.0,100.0,,1983-2000_HIGH_CHANGING_UNSPECIFIED,WEAK,NO,2014,THYROID_CASE_TOTAL_ONLY_COMPOSITIONAL_NO_POPULATION_DENOMINATOR,UNAVAILABLE_IN_OPEN_CI5PLUS_DETAILED_EXPORT,IARC CI5plus Detailed official morphology export,https://ci5.iarc.who.int/ci5plus/download/
New Zealand,NZL,1989,female,1,national,77,0,0,0,0,0,77,77,YES,0.0,0.0,0.0,0.0,0.0,100.0,,1983-2000_HIGH_CHANGING_UNSPECIFIED,WEAK,NO,2014,THYROID_CASE_TOTAL_ONLY_COMPOSITIONAL_NO_POPULATION_DENOMINATOR,UNAVAILABLE_IN_OPEN_CI5PLUS_DETAILED_EXPORT,IARC CI5plus Detailed official morphology export,https://ci5.iarc.who.int/ci5plus/download/
New Zealand,NZL,1989,male,1,national,21,0,0,0,0,0,21,21,YES,0.0,0.0,0.0,0.0,0.0,100.0,,1983-2000_HIGH_CHANGING_UNSPECIFIED,WEAK,NO,2014,THYROID_CASE_TOTAL_ONLY_COMPOSITIONAL_NO_POPULATION_DENOMINATOR,UNAVAILABLE_IN_OPEN_CI5PLUS_DETAILED_EXPORT,IARC CI5plus Detailed official morphology export,https://ci5.iarc.who.int/ci5plus/download/
New Zealand,NZL,1990,both,1,national,93,0,0,0,0,0,93,93,YES,0.0,0.0,0.0,0.0,0.0,100.0,,1983-2000_HIGH_CHANGING_UNSPECIFIED,WEAK,NO,2014,THYROID_CASE_TOTAL_ONLY_COMPOSITIONAL_NO_POPULATION_DENOMINATOR,UNAVAILABLE_IN_OPEN_CI5PLUS_DETAILED_EXPORT,IARC CI5plus Detailed official morphology export,https://ci5.iarc.who.int/ci5plus/download/
New Zealand,NZL,1990,female,1,national,73,0,0,0,0,0,73,73,YES,0.0,0.0,0.0,0.0,0.0,100.0,,1983-2000_HIGH_CHANGING_UNSPECIFIED,WEAK,NO,2014,THYROID_CASE_TOTAL_ONLY_COMPOSITIONAL_NO_POPULATION_DENOMINATOR,UNAVAILABLE_IN_OPEN_CI5PLUS_DETAILED_EXPORT,IARC CI5plus Detailed official morphology export,https://ci5.iarc.who.int/ci5plus/download/
New Zealand,NZL,1990,male,1,national,20,0,0,0,0,0,20,20,YES,0.0,0.0,0.0,0.0,0.0,100.0,,1983-2000_HIGH_CHANGING_UNSPECIFIED,WEAK,NO,2014,THYROID_CASE_TOTAL_ONLY_COMPOSITIONAL_NO_POPULATION_DENOMINATOR,UNAVAILABLE_IN_OPEN_CI5PLUS_DETAILED_EXPORT,IARC CI5plus Detailed official morphology export,https://ci5.iarc.who.int/ci5plus/download/
New Zealand,NZL,1991,both,1,national,97,0,0,0,0,0,97,97,YES,0.0,0.0,0.0,0.0,0.0,100.0,,1983-2000_HIGH_CHANGING_UNSPECIFIED,WEAK,NO,2014,THYROID_CASE_TOTAL_ONLY_COMPOSITIONAL_NO_POPULATION_DENOMINATOR,UNAVAILABLE_IN_OPEN_CI5PLUS_DETAILED_EXPORT,IARC CI5plus Detailed official morphology export,https://ci5.iarc.who.int/ci5plus/download/
New Zealand,NZL,1991,female,1,national,70,0,0,0,0,0,70,70,YES,0.0,0.0,0.0,0.0,0.0,100.0,,1983-2000_HIGH_CHANGING_UNSPECIFIED,WEAK,NO,2014,THYROID_CASE_TOTAL_ONLY_COMPOSITIONAL_NO_POPULATION_DENOMINATOR,UNAVAILABLE_IN_OPEN_CI5PLUS_DETAILED_EXPORT,IARC CI5plus Detailed official morphology export,https://ci5.iarc.who.int/ci5plus/download/
New Zealand,NZL,1991,male,1,national,27,0,0,0,0,0,27,27,YES,0.0,0.0,0.0,0.0,0.0,100.0,,1983-2000_HIGH_CHANGING_UNSPECIFIED,WEAK,NO,2014,THYROID_CASE_TOTAL_ONLY_COMPOSITIONAL_NO_POPULATION_DENOMINATOR,UNAVAILABLE_IN_OPEN_CI5PLUS_DETAILED_EXPORT,IARC CI5plus Detailed official morphology export,https://ci5.iarc.who.int/ci5plus/download/
New Zealand,NZL,1992,both,1,national,97,0,0,0,0,0,97,97,YES,0.0,0.0,0.0,0.0,0.0,100.0,,1983-2000_HIGH_CHANGING_UNSPECIFIED,WEAK,NO,2014,THYROID_CASE_TOTAL_ONLY_COMPOSITIONAL_NO_POPULATION_DENOMINATOR,UNAVAILABLE_IN_OPEN_CI5PLUS_DETAILED_EXPORT,IARC CI5plus Detailed official morphology export,https://ci5.iarc.who.int/ci5plus/download/
New Zealand,NZL,1992,female,1,national,69,0,0,0,0,0,69,69,YES,0.0,0.0,0.0,0.0,0.0,100.0,,1983-2000_HIGH_CHANGING_UNSPECIFIED,WEAK,NO,2014,THYROID_CASE_TOTAL_ONLY_COMPOSITIONAL_NO_POPULATION_DENOMINATOR,UNAVAILABLE_IN_OPEN_CI5PLUS_DETAILED_EXPORT,IARC CI5plus Detailed official morphology export,https://ci5.iarc.who.int/ci5plus/download/
New Zealand,NZL,1992,male,1,national,28,0,0,0,0,0,28,28,YES,0.0,0.0,0.0,0.0,0.0,100.0,,1983-2000_HIGH_CHANGING_UNSPECIFIED,WEAK,NO,2014,THYROID_CASE_TOTAL_ONLY_COMPOSITIONAL_NO_POPULATION_DENOMINATOR,UNAVAILABLE_IN_OPEN_CI5PLUS_DETAILED_EXPORT,IARC CI5plus Detailed official morphology export,https://ci5.iarc.who.int/ci5plus/download/
New Zealand,NZL,1993,both,1,national,91,45,20,4,2,3,17,91,YES,49.45054945054945,21.978021978021978,4.395604395604396,2.197802197802198,3.2967032967032965,18.681318681318682,2.25,1983-2000_HIGH_CHANGING_UNSPECIFIED,WEAK,NO,2014,THYROID_CASE_TOTAL_ONLY_COMPOSITIONAL_NO_POPULATION_DENOMINATOR,UNAVAILABLE_IN_OPEN_CI5PLUS_DETAILED_EXPORT,IARC CI5plus Detailed official morphology export,https://ci5.iarc.who.int/ci5plus/download/
New Zealand,NZL,1993,female,1,national,62,37,14,1,0,2,8,62,YES,59.67741935483871,22.580645161290324,1.6129032258064515,0.0,3.225806451612903,12.903225806451612,2.642857142857143,1983-2000_HIGH_CHANGING_UNSPECIFIED,WEAK,NO,2014,THYROID_CASE_TOTAL_ONLY_COMPOSITIONAL_NO_POPULATION_DENOMINATOR,UNAVAILABLE_IN_OPEN_CI5PLUS_DETAILED_EXPORT,IARC CI5plus Detailed official morphology export,https://ci5.iarc.who.int/ci5plus/download/
New Zealand,NZL,1993,male,1,national,29,8,6,3,2,1,9,29,YES,27.586206896551722,20.689655172413794,10.344827586206897,6.896551724137931,3.4482758620689653,31.03448275862069,1.3333333333333333,1983-2000_HIGH_CHANGING_UNSPECIFIED,WEAK,NO,2014,THYROID_CASE_TOTAL_ONLY_COMPOSITIONAL_NO_POPULATION_DENOMINATOR,UNAVAILABLE_IN_OPEN_CI5PLUS_DETAILED_EXPORT,IARC CI5plus Detailed official morphology export,https://ci5.iarc.who.int/ci5plus/download/
New Zealand,NZL,1994,both,1,national,93,52,17,5,1,3,15,93,YES,55.913978494623656,18.27956989247312,5.376344086021505,1.075268817204301,3.225806451612903,16.129032258064516,3.0588235294117645,1983-2000_HIGH_CHANGING_UNSPECIFIED,WEAK,NO,2014,THYROID_CASE_TOTAL_ONLY_COMPOSITIONAL_NO_POPULATION_DENOMINATOR,UNAVAILABLE_IN_OPEN_CI5PLUS_DETAILED_EXPORT,IARC CI5plus Detailed official morphology export,https://ci5.iarc.who.int/ci5plus/download/
New Zealand,NZL,1994,female,1,national,67,39,10,2,1,3,12,67,YES,58.208955223880594,14.925373134328359,2.985074626865672,1.492537313432836,4.477611940298507,17.91044776119403,3.9,1983-2000_HIGH_CHANGING_UNSPECIFIED,WEAK,NO,2014,THYROID_CASE_TOTAL_ONLY_COMPOSITIONAL_NO_POPULATION_DENOMINATOR,UNAVAILABLE_IN_OPEN_CI5PLUS_DETAILED_EXPORT,IARC CI5plus Detailed official morphology export,https://ci5.iarc.who.int/ci5plus/download/
New Zealand,NZL,1994,male,1,national,26,13,7,3,0,0,3,26,YES,50.0,26.923076923076923,11.538461538461538,0.0,0.0,11.538461538461538,1.8571428571428572,1983-2000_HIGH_CHANGING_UNSPECIFIED,WEAK,NO,2014,THYROID_CASE_TOTAL_ONLY_COMPOSITIONAL_NO_POPULATION_DENOMINATOR,UNAVAILABLE_IN_OPEN_CI5PLUS_DETAILED_EXPORT,IARC CI5plus Detailed official morphology export,https://ci5.iarc.who.int/ci5plus/download/
New Zealand,NZL,1995,both,1,national,118,62,29,3,6,4,14,118,YES,52.54237288135593,24.576271186440678,2.542372881355932,5.084745762711864,3.389830508474576,11.864406779661017,2.1379310344827585,1983-2000_HIGH_CHANGING_UNSPECIFIED,WEAK,NO,2014,THYROID_CASE_TOTAL_ONLY_COMPOSITIONAL_NO_POPULATION_DENOMINATOR,UNAVAILABLE_IN_OPEN_CI5PLUS_DETAILED_EXPORT,IARC CI5plus Detailed official morphology export,https://ci5.iarc.who.int/ci5plus/download/
New Zealand,NZL,1995,female,1,national,79,37,24,1,3,2,12,79,YES,46.835443037974684,30.379746835443036,1.2658227848101267,3.7974683544303796,2.5316455696202533,15.189873417721518,1.5416666666666667,1983-2000_HIGH_CHANGING_UNSPECIFIED,WEAK,NO,2014,THYROID_CASE_TOTAL_ONLY_COMPOSITIONAL_NO_POPULATION_DENOMINATOR,UNAVAILABLE_IN_OPEN_CI5PLUS_DETAILED_EXPORT,IARC CI5plus Detailed official morphology export,https://ci5.iarc.who.int/ci5plus/download/
New Zealand,NZL,1995,male,1,national,39,25,5,2,3,2,2,39,YES,64.1025641025641,12.820512820512821,5.128205128205129,7.6923076923076925,5.128205128205129,5.128205128205129,5.0,1983-2000_HIGH_CHANGING_UNSPECIFIED,WEAK,NO,2014,THYROID_CASE_TOTAL_ONLY_COMPOSITIONAL_NO_POPULATION_DENOMINATOR,UNAVAILABLE_IN_OPEN_CI5PLUS_DETAILED_EXPORT,IARC CI5plus Detailed official morphology export,https://ci5.iarc.who.int/ci5plus/download/
New Zealand,NZL,1996,both,1,national,111,65,26,9,3,0,8,111,YES,58.55855855855856,23.423423423423422,8.108108108108109,2.7027027027027026,0.0,7.207207207207207,2.5,1983-2000_HIGH_CHANGING_UNSPECIFIED,WEAK,NO,2014,THYROID_CASE_TOTAL_ONLY_COMPOSITIONAL_NO_POPULATION_DENOMINATOR,UNAVAILABLE_IN_OPEN_CI5PLUS_DETAILED_EXPORT,IARC CI5plus Detailed official morphology export,https://ci5.iarc.who.int/ci5plus/download/
New Zealand,NZL,1996,female,1,national,78,47,19,5,1,0,6,78,YES,60.256410256410255,24.358974358974358,6.410256410256411,1.2820512820512822,0.0,7.6923076923076925,2.473684210526316,1983-2000_HIGH_CHANGING_UNSPECIFIED,WEAK,NO,2014,THYROID_CASE_TOTAL_ONLY_COMPOSITIONAL_NO_POPULATION_DENOMINATOR,UNAVAILABLE_IN_OPEN_CI5PLUS_DETAILED_EXPORT,IARC CI5plus Detailed official morphology export,https://ci5.iarc.who.int/ci5plus/download/
New Zealand,NZL,1996,male,1,national,33,18,7,4,2,0,2,33,YES,54.54545454545455,21.21212121212121,12.121212121212121,6.0606060606060606,0.0,6.0606060606060606,2.5714285714285716,1983-2000_HIGH_CHANGING_UNSPECIFIED,WEAK,NO,2014,THYROID_CASE_TOTAL_ONLY_COMPOSITIONAL_NO_POPULATION_DENOMINATOR,UNAVAILABLE_IN_OPEN_CI5PLUS_DETAILED_EXPORT,IARC CI5plus Detailed official morphology export,https://ci5.iarc.who.int/ci5plus/download/
New Zealand,NZL,1997,both,1,national,163,106,40,6,6,1,4,163,YES,65.03067484662577,24.539877300613497,3.6809815950920246,3.6809815950920246,0.6134969325153374,2.4539877300613497,2.65,1983-2000_HIGH_CHANGING_UNSPECIFIED,WEAK,NO,2014,THYROID_CASE_TOTAL_ONLY_COMPOSITIONAL_NO_POPULATION_DENOMINATOR,UNAVAILABLE_IN_OPEN_CI5PLUS_DETAILED_EXPORT,IARC CI5plus Detailed official morphology export,https://ci5.iarc.who.int/ci5plus/download/
New Zealand,NZL,1997,female,1,national,111,72,29,3,3,1,3,111,YES,64.86486486486487,26.126126126126128,2.7027027027027026,2.7027027027027026,0.9009009009009009,2.7027027027027026,2.4827586206896552,1983-2000_HIGH_CHANGING_UNSPECIFIED,WEAK,NO,2014,THYROID_CASE_TOTAL_ONLY_COMPOSITIONAL_NO_POPULATION_DENOMINATOR,UNAVAILABLE_IN_OPEN_CI5PLUS_DETAILED_EXPORT,IARC CI5plus Detailed official morphology export,https://ci5.iarc.who.int/ci5plus/download/
New Zealand,NZL,1997,male,1,national,52,34,11,3,3,0,1,52,YES,65.38461538461539,21.153846153846153,5.769230769230769,5.769230769230769,0.0,1.9230769230769231,3.090909090909091,1983-2000_HIGH_CHANGING_UNSPECIFIED,WEAK,NO,2014,THYROID_CASE_TOTAL_ONLY_COMPOSITIONAL_NO_POPULATION_DENOMINATOR,UNAVAILABLE_IN_OPEN_CI5PLUS_DETAILED_EXPORT,IARC CI5plus Detailed official morphology export,https://ci5.iarc.who.int/ci5plus/download/
New Zealand,NZL,1998,both,1,national,149,97,30,7,6,2,7,149,YES,65.1006711409396,20.13422818791946,4.697986577181208,4.026845637583893,1.342281879194631,4.697986577181208,3.2333333333333334,1983-2000_HIGH_CHANGING_UNSPECIFIED,WEAK,NO,2014,THYROID_CASE_TOTAL_ONLY_COMPOSITIONAL_NO_POPULATION_DENOMINATOR,UNAVAILABLE_IN_OPEN_CI5PLUS_DETAILED_EXPORT,IARC CI5plus Detailed official morphology export,https://ci5.iarc.who.int/ci5plus/download/
New Zealand,NZL,1998,female,1,national,116,77,24,3,5,1,6,116,YES,66.37931034482759,20.689655172413794,2.586206896551724,4.310344827586207,0.8620689655172413,5.172413793103448,3.2083333333333335,1983-2000_HIGH_CHANGING_UNSPECIFIED,WEAK,NO,2014,THYROID_CASE_TOTAL_ONLY_COMPOSITIONAL_NO_POPULATION_DENOMINATOR,UNAVAILABLE_IN_OPEN_CI5PLUS_DETAILED_EXPORT,IARC CI5plus Detailed official morphology export,https://ci5.iarc.who.int/ci5plus/download/
New Zealand,NZL,1998,male,1,national,33,20,6,4,1,1,1,33,YES,60.60606060606061,18.181818181818183,12.121212121212121,3.0303030303030303,3.0303030303030303,3.0303030303030303,3.3333333333333335,1983-2000_HIGH_CHANGING_UNSPECIFIED,WEAK,NO,2014,THYROID_CASE_TOTAL_ONLY_COMPOSITIONAL_NO_POPULATION_DENOMINATOR,UNAVAILABLE_IN_OPEN_CI5PLUS_DETAILED_EXPORT,IARC CI5plus Detailed official morphology export,https://ci5.iarc.who.int/ci5plus/download/
New Zealand,NZL,1999,both,1,national,172,112,34,8,7,5,6,172,YES,65.11627906976744,19.767441860465116,4.651162790697675,4.069767441860465,2.9069767441860463,3.488372093023256,3.2941176470588234,1983-2000_HIGH_CHANGING_UNSPECIFIED,WEAK,NO,2014,THYROID_CASE_TOTAL_ONLY_COMPOSITIONAL_NO_POPULATION_DENOMINATOR,UNAVAILABLE_IN_OPEN_CI5PLUS_DETAILED_EXPORT,IARC CI5plus Detailed official morphology export,https://ci5.iarc.who.int/ci5plus/download/
New Zealand,NZL,1999,female,1,national,138,98,22,5,6,3,4,138,YES,71.01449275362319,15.942028985507246,3.6231884057971016,4.3478260869565215,2.1739130434782608,2.898550724637681,4.454545454545454,1983-2000_HIGH_CHANGING_UNSPECIFIED,WEAK,NO,2014,THYROID_CASE_TOTAL_ONLY_COMPOSITIONAL_NO_POPULATION_DENOMINATOR,UNAVAILABLE_IN_OPEN_CI5PLUS_DETAILED_EXPORT,IARC CI5plus Detailed official morphology export,https://ci5.iarc.who.int/ci5plus/download/
New Zealand,NZL,1999,male,1,national,34,14,12,3,1,2,2,34,YES,41.1764705882353,35.294117647058826,8.823529411764707,2.9411764705882355,5.882352941176471,5.882352941176471,1.1666666666666667,1983-2000_HIGH_CHANGING_UNSPECIFIED,WEAK,NO,2014,THYROID_CASE_TOTAL_ONLY_COMPOSITIONAL_NO_POPULATION_DENOMINATOR,UNAVAILABLE_IN_OPEN_CI5PLUS_DETAILED_EXPORT,IARC CI5plus Detailed official morphology export,https://ci5.iarc.who.int/ci5plus/download/
New Zealand,NZL,2000,both,1,national,164,103,39,11,1,2,8,164,YES,62.80487804878049,23.78048780487805,6.7073170731707314,0.6097560975609756,1.2195121951219512,4.878048780487805,2.641025641025641,1983-2000_HIGH_CHANGING_UNSPECIFIED,WEAK,NO,2014,THYROID_CASE_TOTAL_ONLY_COMPOSITIONAL_NO_POPULATION_DENOMINATOR,UNAVAILABLE_IN_OPEN_CI5PLUS_DETAILED_EXPORT,IARC CI5plus Detailed official morphology export,https://ci5.iarc.who.int/ci5plus/download/
New Zealand,NZL,2000,female,1,national,118,75,32,6,0,2,3,118,YES,63.559322033898304,27.11864406779661,5.084745762711864,0.0,1.694915254237288,2.542372881355932,2.34375,1983-2000_HIGH_CHANGING_UNSPECIFIED,WEAK,NO,2014,THYROID_CASE_TOTAL_ONLY_COMPOSITIONAL_NO_POPULATION_DENOMINATOR,UNAVAILABLE_IN_OPEN_CI5PLUS_DETAILED_EXPORT,IARC CI5plus Detailed official morphology export,https://ci5.iarc.who.int/ci5plus/download/
New Zealand,NZL,2000,male,1,national,46,28,7,5,1,0,5,46,YES,60.869565217391305,15.217391304347826,10.869565217391305,2.1739130434782608,0.0,10.869565217391305,4.0,1983-2000_HIGH_CHANGING_UNSPECIFIED,WEAK,NO,2014,THYROID_CASE_TOTAL_ONLY_COMPOSITIONAL_NO_POPULATION_DENOMINATOR,UNAVAILABLE_IN_OPEN_CI5PLUS_DETAILED_EXPORT,IARC CI5plus Detailed official morphology export,https://ci5.iarc.who.int/ci5plus/download/
New Zealand,NZL,2001,both,1,national,142,115,19,4,2,0,2,142,YES,80.98591549295774,13.380281690140846,2.816901408450704,1.408450704225352,0.0,1.408450704225352,6.052631578947368,2001-2017_NATIONAL_LATE_QUALITY,MODERATE,YES_LOW_POSTBREAK_INFORMATION,2014,THYROID_CASE_TOTAL_ONLY_COMPOSITIONAL_NO_POPULATION_DENOMINATOR,UNAVAILABLE_IN_OPEN_CI5PLUS_DETAILED_EXPORT,IARC CI5plus Detailed official morphology export,https://ci5.iarc.who.int/ci5plus/download/
New Zealand,NZL,2001,female,1,national,111,86,17,4,2,0,2,111,YES,77.47747747747748,15.315315315315315,3.6036036036036037,1.8018018018018018,0.0,1.8018018018018018,5.0588235294117645,2001-2017_NATIONAL_LATE_QUALITY,MODERATE,YES_LOW_POSTBREAK_INFORMATION,2014,THYROID_CASE_TOTAL_ONLY_COMPOSITIONAL_NO_POPULATION_DENOMINATOR,UNAVAILABLE_IN_OPEN_CI5PLUS_DETAILED_EXPORT,IARC CI5plus Detailed official morphology export,https://ci5.iarc.who.int/ci5plus/download/
New Zealand,NZL,2001,male,1,national,31,29,2,0,0,0,0,31,YES,93.54838709677419,6.451612903225806,0.0,0.0,0.0,0.0,14.5,2001-2017_NATIONAL_LATE_QUALITY,MODERATE,YES_LOW_POSTBREAK_INFORMATION,2014,THYROID_CASE_TOTAL_ONLY_COMPOSITIONAL_NO_POPULATION_DENOMINATOR,UNAVAILABLE_IN_OPEN_CI5PLUS_DETAILED_EXPORT,IARC CI5plus Detailed official morphology export,https://ci5.iarc.who.int/ci5plus/download/
New Zealand,NZL,2002,both,1,national,152,103,35,5,3,0,6,152,YES,67.76315789473684,23.026315789473685,3.289473684210526,1.9736842105263157,0.0,3.9473684210526314,2.942857142857143,2001-2017_NATIONAL_LATE_QUALITY,MODERATE,YES_LOW_POSTBREAK_INFORMATION,2014,THYROID_CASE_TOTAL_ONLY_COMPOSITIONAL_NO_POPULATION_DENOMINATOR,UNAVAILABLE_IN_OPEN_CI5PLUS_DETAILED_EXPORT,IARC CI5plus Detailed official morphology export,https://ci5.iarc.who.int/ci5plus/download/
New Zealand,NZL,2002,female,1,national,115,76,27,5,3,0,4,115,YES,66.08695652173913,23.47826086956522,4.3478260869565215,2.608695652173913,0.0,3.4782608695652173,2.814814814814815,2001-2017_NATIONAL_LATE_QUALITY,MODERATE,YES_LOW_POSTBREAK_INFORMATION,2014,THYROID_CASE_TOTAL_ONLY_COMPOSITIONAL_NO_POPULATION_DENOMINATOR,UNAVAILABLE_IN_OPEN_CI5PLUS_DETAILED_EXPORT,IARC CI5plus Detailed official morphology export,https://ci5.iarc.who.int/ci5plus/download/
New Zealand,NZL,2002,male,1,national,37,27,8,0,0,0,2,37,YES,72.97297297297297,21.62162162162162,0.0,0.0,0.0,5.405405405405405,3.375,2001-2017_NATIONAL_LATE_QUALITY,MODERATE,YES_LOW_POSTBREAK_INFORMATION,2014,THYROID_CASE_TOTAL_ONLY_COMPOSITIONAL_NO_POPULATION_DENOMINATOR,UNAVAILABLE_IN_OPEN_CI5PLUS_DETAILED_EXPORT,IARC CI5plus Detailed official morphology export,https://ci5.iarc.who.int/ci5plus/download/
New Zealand,NZL,2003,both,1,national,187,131,30,5,10,3,8,187,YES,70.05347593582887,16.0427807486631,2.6737967914438503,5.347593582887701,1.6042780748663101,4.278074866310161,4.366666666666666,2001-2017_NATIONAL_LATE_QUALITY,MODERATE,YES_LOW_POSTBREAK_INFORMATION,2014,THYROID_CASE_TOTAL_ONLY_COMPOSITIONAL_NO_POPULATION_DENOMINATOR,UNAVAILABLE_IN_OPEN_CI5PLUS_DETAILED_EXPORT,IARC CI5plus Detailed official morphology export,https://ci5.iarc.who.int/ci5plus/download/
New Zealand,NZL,2003,female,1,national,129,94,21,2,6,2,4,129,YES,72.86821705426357,16.27906976744186,1.550387596899225,4.651162790697675,1.550387596899225,3.10077519379845,4.476190476190476,2001-2017_NATIONAL_LATE_QUALITY,MODERATE,YES_LOW_POSTBREAK_INFORMATION,2014,THYROID_CASE_TOTAL_ONLY_COMPOSITIONAL_NO_POPULATION_DENOMINATOR,UNAVAILABLE_IN_OPEN_CI5PLUS_DETAILED_EXPORT,IARC CI5plus Detailed official morphology export,https://ci5.iarc.who.int/ci5plus/download/
New Zealand,NZL,2003,male,1,national,58,37,9,3,4,1,4,58,YES,63.793103448275865,15.517241379310345,5.172413793103448,6.896551724137931,1.7241379310344827,6.896551724137931,4.111111111111111,2001-2017_NATIONAL_LATE_QUALITY,MODERATE,YES_LOW_POSTBREAK_INFORMATION,2014,THYROID_CASE_TOTAL_ONLY_COMPOSITIONAL_NO_POPULATION_DENOMINATOR,UNAVAILABLE_IN_OPEN_CI5PLUS_DETAILED_EXPORT,IARC CI5plus Detailed official morphology export,https://ci5.iarc.who.int/ci5plus/download/
New Zealand,NZL,2004,both,1,national,191,146,29,2,4,5,5,191,YES,76.43979057591623,15.18324607329843,1.0471204188481675,2.094240837696335,2.6178010471204187,2.6178010471204187,5.0344827586206895,2001-2017_NATIONAL_LATE_QUALITY,MODERATE,YES_LOW_POSTBREAK_INFORMATION,2014,THYROID_CASE_TOTAL_ONLY_COMPOSITIONAL_NO_POPULATION_DENOMINATOR,UNAVAILABLE_IN_OPEN_CI5PLUS_DETAILED_EXPORT,IARC CI5plus Detailed official morphology export,https://ci5.iarc.who.int/ci5plus/download/
New Zealand,NZL,2004,female,1,national,134,110,17,0,2,2,3,134,YES,82.08955223880596,12.686567164179104,0.0,1.492537313432836,1.492537313432836,2.2388059701492535,6.470588235294118,2001-2017_NATIONAL_LATE_QUALITY,MODERATE,YES_LOW_POSTBREAK_INFORMATION,2014,THYROID_CASE_TOTAL_ONLY_COMPOSITIONAL_NO_POPULATION_DENOMINATOR,UNAVAILABLE_IN_OPEN_CI5PLUS_DETAILED_EXPORT,IARC CI5plus Detailed official morphology export,https://ci5.iarc.who.int/ci5plus/download/
New Zealand,NZL,2004,male,1,national,57,36,12,2,2,3,2,57,YES,63.1578947368421,21.05263157894737,3.508771929824561,3.508771929824561,5.2631578947368425,3.508771929824561,3.0,2001-2017_NATIONAL_LATE_QUALITY,MODERATE,YES_LOW_POSTBREAK_INFORMATION,2014,THYROID_CASE_TOTAL_ONLY_COMPOSITIONAL_NO_POPULATION_DENOMINATOR,UNAVAILABLE_IN_OPEN_CI5PLUS_DETAILED_EXPORT,IARC CI5plus Detailed official morphology export,https://ci5.iarc.who.int/ci5plus/download/
New Zealand,NZL,2005,both,1,national,167,132,22,2,6,1,4,167,YES,79.04191616766467,13.173652694610778,1.1976047904191616,3.592814371257485,0.5988023952095808,2.395209580838323,6.0,2001-2017_NATIONAL_LATE_QUALITY,MODERATE,YES_LOW_POSTBREAK_INFORMATION,2014,THYROID_CASE_TOTAL_ONLY_COMPOSITIONAL_NO_POPULATION_DENOMINATOR,UNAVAILABLE_IN_OPEN_CI5PLUS_DETAILED_EXPORT,IARC CI5plus Detailed official morphology export,https://ci5.iarc.who.int/ci5plus/download/
New Zealand,NZL,2005,female,1,national,116,94,14,2,4,1,1,116,YES,81.03448275862068,12.068965517241379,1.7241379310344827,3.4482758620689653,0.8620689655172413,0.8620689655172413,6.714285714285714,2001-2017_NATIONAL_LATE_QUALITY,MODERATE,YES_LOW_POSTBREAK_INFORMATION,2014,THYROID_CASE_TOTAL_ONLY_COMPOSITIONAL_NO_POPULATION_DENOMINATOR,UNAVAILABLE_IN_OPEN_CI5PLUS_DETAILED_EXPORT,IARC CI5plus Detailed official morphology export,https://ci5.iarc.who.int/ci5plus/download/
New Zealand,NZL,2005,male,1,national,51,38,8,0,2,0,3,51,YES,74.50980392156863,15.686274509803921,0.0,3.9215686274509802,0.0,5.882352941176471,4.75,2001-2017_NATIONAL_LATE_QUALITY,MODERATE,YES_LOW_POSTBREAK_INFORMATION,2014,THYROID_CASE_TOTAL_ONLY_COMPOSITIONAL_NO_POPULATION_DENOMINATOR,UNAVAILABLE_IN_OPEN_CI5PLUS_DETAILED_EXPORT,IARC CI5plus Detailed official morphology export,https://ci5.iarc.who.int/ci5plus/download/
New Zealand,NZL,2006,both,1,national,228,163,35,6,10,2,12,228,YES,71.49122807017544,15.350877192982455,2.6315789473684212,4.385964912280702,0.8771929824561403,5.2631578947368425,4.6571428571428575,2001-2017_NATIONAL_LATE_QUALITY,MODERATE,YES_LOW_POSTBREAK_INFORMATION,2014,THYROID_CASE_TOTAL_ONLY_COMPOSITIONAL_NO_POPULATION_DENOMINATOR,UNAVAILABLE_IN_OPEN_CI5PLUS_DETAILED_EXPORT,IARC CI5plus Detailed official morphology export,https://ci5.iarc.who.int/ci5plus/download/
New Zealand,NZL,2006,female,1,national,167,123,24,3,7,1,9,167,YES,73.65269461077844,14.37125748502994,1.7964071856287425,4.191616766467066,0.5988023952095808,5.389221556886228,5.125,2001-2017_NATIONAL_LATE_QUALITY,MODERATE,YES_LOW_POSTBREAK_INFORMATION,2014,THYROID_CASE_TOTAL_ONLY_COMPOSITIONAL_NO_POPULATION_DENOMINATOR,UNAVAILABLE_IN_OPEN_CI5PLUS_DETAILED_EXPORT,IARC CI5plus Detailed official morphology export,https://ci5.iarc.who.int/ci5plus/download/
New Zealand,NZL,2006,male,1,national,61,40,11,3,3,1,3,61,YES,65.57377049180327,18.0327868852459,4.918032786885246,4.918032786885246,1.639344262295082,4.918032786885246,3.6363636363636362,2001-2017_NATIONAL_LATE_QUALITY,MODERATE,YES_LOW_POSTBREAK_INFORMATION,2014,THYROID_CASE_TOTAL_ONLY_COMPOSITIONAL_NO_POPULATION_DENOMINATOR,UNAVAILABLE_IN_OPEN_CI5PLUS_DETAILED_EXPORT,IARC CI5plus Detailed official morphology export,https://ci5.iarc.who.int/ci5plus/download/
New Zealand,NZL,2007,both,1,national,252,195,37,6,4,2,8,252,YES,77.38095238095238,14.682539682539682,2.380952380952381,1.5873015873015872,0.7936507936507936,3.1746031746031744,5.27027027027027,2001-2017_NATIONAL_LATE_QUALITY,MODERATE,YES_LOW_POSTBREAK_INFORMATION,2014,THYROID_CASE_TOTAL_ONLY_COMPOSITIONAL_NO_POPULATION_DENOMINATOR,UNAVAILABLE_IN_OPEN_CI5PLUS_DETAILED_EXPORT,IARC CI5plus Detailed official morphology export,https://ci5.iarc.who.int/ci5plus/download/
New Zealand,NZL,2007,female,1,national,188,148,25,4,3,2,6,188,YES,78.72340425531915,13.297872340425531,2.127659574468085,1.5957446808510638,1.0638297872340425,3.1914893617021276,5.92,2001-2017_NATIONAL_LATE_QUALITY,MODERATE,YES_LOW_POSTBREAK_INFORMATION,2014,THYROID_CASE_TOTAL_ONLY_COMPOSITIONAL_NO_POPULATION_DENOMINATOR,UNAVAILABLE_IN_OPEN_CI5PLUS_DETAILED_EXPORT,IARC CI5plus Detailed official morphology export,https://ci5.iarc.who.int/ci5plus/download/
New Zealand,NZL,2007,male,1,national,64,47,12,2,1,0,2,64,YES,73.4375,18.75,3.125,1.5625,0.0,3.125,3.9166666666666665,2001-2017_NATIONAL_LATE_QUALITY,MODERATE,YES_LOW_POSTBREAK_INFORMATION,2014,THYROID_CASE_TOTAL_ONLY_COMPOSITIONAL_NO_POPULATION_DENOMINATOR,UNAVAILABLE_IN_OPEN_CI5PLUS_DETAILED_EXPORT,IARC CI5plus Detailed official morphology export,https://ci5.iarc.who.int/ci5plus/download/
New Zealand,NZL,2008,both,1,national,236,181,43,4,3,0,5,236,YES,76.69491525423729,18.220338983050848,1.694915254237288,1.271186440677966,0.0,2.1186440677966103,4.209302325581396,2001-2017_NATIONAL_LATE_QUALITY,MODERATE,YES_LOW_POSTBREAK_INFORMATION,2014,THYROID_CASE_TOTAL_ONLY_COMPOSITIONAL_NO_POPULATION_DENOMINATOR,UNAVAILABLE_IN_OPEN_CI5PLUS_DETAILED_EXPORT,IARC CI5plus Detailed official morphology export,https://ci5.iarc.who.int/ci5plus/download/
New Zealand,NZL,2008,female,1,national,185,146,32,2,2,0,3,185,YES,78.91891891891892,17.2972972972973,1.0810810810810811,1.0810810810810811,0.0,1.6216216216216217,4.5625,2001-2017_NATIONAL_LATE_QUALITY,MODERATE,YES_LOW_POSTBREAK_INFORMATION,2014,THYROID_CASE_TOTAL_ONLY_COMPOSITIONAL_NO_POPULATION_DENOMINATOR,UNAVAILABLE_IN_OPEN_CI5PLUS_DETAILED_EXPORT,IARC CI5plus Detailed official morphology export,https://ci5.iarc.who.int/ci5plus/download/
New Zealand,NZL,2008,male,1,national,51,35,11,2,1,0,2,51,YES,68.62745098039215,21.568627450980394,3.9215686274509802,1.9607843137254901,0.0,3.9215686274509802,3.1818181818181817,2001-2017_NATIONAL_LATE_QUALITY,MODERATE,YES_LOW_POSTBREAK_INFORMATION,2014,THYROID_CASE_TOTAL_ONLY_COMPOSITIONAL_NO_POPULATION_DENOMINATOR,UNAVAILABLE_IN_OPEN_CI5PLUS_DETAILED_EXPORT,IARC CI5plus Detailed official morphology export,https://ci5.iarc.who.int/ci5plus/download/
New Zealand,NZL,2009,both,1,national,225,165,42,7,3,2,6,225,YES,73.33333333333333,18.666666666666668,3.111111111111111,1.3333333333333333,0.8888888888888888,2.6666666666666665,3.9285714285714284,2001-2017_NATIONAL_LATE_QUALITY,MODERATE,YES_LOW_POSTBREAK_INFORMATION,2014,THYROID_CASE_TOTAL_ONLY_COMPOSITIONAL_NO_POPULATION_DENOMINATOR,UNAVAILABLE_IN_OPEN_CI5PLUS_DETAILED_EXPORT,IARC CI5plus Detailed official morphology export,https://ci5.iarc.who.int/ci5plus/download/
New Zealand,NZL,2009,female,1,national,152,111,33,2,2,1,3,152,YES,73.02631578947368,21.710526315789473,1.3157894736842106,1.3157894736842106,0.6578947368421053,1.9736842105263157,3.3636363636363638,2001-2017_NATIONAL_LATE_QUALITY,MODERATE,YES_LOW_POSTBREAK_INFORMATION,2014,THYROID_CASE_TOTAL_ONLY_COMPOSITIONAL_NO_POPULATION_DENOMINATOR,UNAVAILABLE_IN_OPEN_CI5PLUS_DETAILED_EXPORT,IARC CI5plus Detailed official morphology export,https://ci5.iarc.who.int/ci5plus/download/
New Zealand,NZL,2009,male,1,national,73,54,9,5,1,1,3,73,YES,73.97260273972603,12.32876712328767,6.8493150684931505,1.36986301369863,1.36986301369863,4.109589041095891,6.0,2001-2017_NATIONAL_LATE_QUALITY,MODERATE,YES_LOW_POSTBREAK_INFORMATION,2014,THYROID_CASE_TOTAL_ONLY_COMPOSITIONAL_NO_POPULATION_DENOMINATOR,UNAVAILABLE_IN_OPEN_CI5PLUS_DETAILED_EXPORT,IARC CI5plus Detailed official morphology export,https://ci5.iarc.who.int/ci5plus/download/
New Zealand,NZL,2010,both,1,national,260,191,45,7,8,2,7,260,YES,73.46153846153847,17.307692307692307,2.6923076923076925,3.076923076923077,0.7692307692307693,2.6923076923076925,4.2444444444444445,2001-2017_NATIONAL_LATE_QUALITY,MODERATE,YES_LOW_POSTBREAK_INFORMATION,2014,THYROID_CASE_TOTAL_ONLY_COMPOSITIONAL_NO_POPULATION_DENOMINATOR,UNAVAILABLE_IN_OPEN_CI5PLUS_DETAILED_EXPORT,IARC CI5plus Detailed official morphology export,https://ci5.iarc.who.int/ci5plus/download/
New Zealand,NZL,2010,female,1,national,189,140,35,3,7,1,3,189,YES,74.07407407407408,18.51851851851852,1.5873015873015872,3.7037037037037037,0.5291005291005291,1.5873015873015872,4.0,2001-2017_NATIONAL_LATE_QUALITY,MODERATE,YES_LOW_POSTBREAK_INFORMATION,2014,THYROID_CASE_TOTAL_ONLY_COMPOSITIONAL_NO_POPULATION_DENOMINATOR,UNAVAILABLE_IN_OPEN_CI5PLUS_DETAILED_EXPORT,IARC CI5plus Detailed official morphology export,https://ci5.iarc.who.int/ci5plus/download/
New Zealand,NZL,2010,male,1,national,71,51,10,4,1,1,4,71,YES,71.83098591549296,14.084507042253522,5.633802816901408,1.408450704225352,1.408450704225352,5.633802816901408,5.1,2001-2017_NATIONAL_LATE_QUALITY,MODERATE,YES_LOW_POSTBREAK_INFORMATION,2014,THYROID_CASE_TOTAL_ONLY_COMPOSITIONAL_NO_POPULATION_DENOMINATOR,UNAVAILABLE_IN_OPEN_CI5PLUS_DETAILED_EXPORT,IARC CI5plus Detailed official morphology export,https://ci5.iarc.who.int/ci5plus/download/
New Zealand,NZL,2011,both,1,national,265,205,40,3,6,3,8,265,YES,77.35849056603773,15.09433962264151,1.1320754716981132,2.2641509433962264,1.1320754716981132,3.018867924528302,5.125,2001-2017_NATIONAL_LATE_QUALITY,MODERATE,YES_LOW_POSTBREAK_INFORMATION,2014,THYROID_CASE_TOTAL_ONLY_COMPOSITIONAL_NO_POPULATION_DENOMINATOR,UNAVAILABLE_IN_OPEN_CI5PLUS_DETAILED_EXPORT,IARC CI5plus Detailed official morphology export,https://ci5.iarc.who.int/ci5plus/download/
New Zealand,NZL,2011,female,1,national,191,149,30,2,3,1,6,191,YES,78.01047120418848,15.706806282722512,1.0471204188481675,1.5706806282722514,0.5235602094240838,3.141361256544503,4.966666666666667,2001-2017_NATIONAL_LATE_QUALITY,MODERATE,YES_LOW_POSTBREAK_INFORMATION,2014,THYROID_CASE_TOTAL_ONLY_COMPOSITIONAL_NO_POPULATION_DENOMINATOR,UNAVAILABLE_IN_OPEN_CI5PLUS_DETAILED_EXPORT,IARC CI5plus Detailed official morphology export,https://ci5.iarc.who.int/ci5plus/download/
New Zealand,NZL,2011,male,1,national,74,56,10,1,3,2,2,74,YES,75.67567567567568,13.513513513513514,1.3513513513513513,4.054054054054054,2.7027027027027026,2.7027027027027026,5.6,2001-2017_NATIONAL_LATE_QUALITY,MODERATE,YES_LOW_POSTBREAK_INFORMATION,2014,THYROID_CASE_TOTAL_ONLY_COMPOSITIONAL_NO_POPULATION_DENOMINATOR,UNAVAILABLE_IN_OPEN_CI5PLUS_DETAILED_EXPORT,IARC CI5plus Detailed official morphology export,https://ci5.iarc.who.int/ci5plus/download/
New Zealand,NZL,2012,both,1,national,276,198,40,12,10,4,12,276,YES,71.73913043478261,14.492753623188406,4.3478260869565215,3.6231884057971016,1.4492753623188406,4.3478260869565215,4.95,2001-2017_NATIONAL_LATE_QUALITY,MODERATE,YES_LOW_POSTBREAK_INFORMATION,2014,THYROID_CASE_TOTAL_ONLY_COMPOSITIONAL_NO_POPULATION_DENOMINATOR,UNAVAILABLE_IN_OPEN_CI5PLUS_DETAILED_EXPORT,IARC CI5plus Detailed official morphology export,https://ci5.iarc.who.int/ci5plus/download/
New Zealand,NZL,2012,female,1,national,209,156,32,5,8,2,6,209,YES,74.64114832535886,15.311004784688995,2.3923444976076556,3.827751196172249,0.9569377990430622,2.8708133971291865,4.875,2001-2017_NATIONAL_LATE_QUALITY,MODERATE,YES_LOW_POSTBREAK_INFORMATION,2014,THYROID_CASE_TOTAL_ONLY_COMPOSITIONAL_NO_POPULATION_DENOMINATOR,UNAVAILABLE_IN_OPEN_CI5PLUS_DETAILED_EXPORT,IARC CI5plus Detailed official morphology export,https://ci5.iarc.who.int/ci5plus/download/
New Zealand,NZL,2012,male,1,national,67,42,8,7,2,2,6,67,YES,62.6865671641791,11.940298507462687,10.447761194029852,2.985074626865672,2.985074626865672,8.955223880597014,5.25,2001-2017_NATIONAL_LATE_QUALITY,MODERATE,YES_LOW_POSTBREAK_INFORMATION,2014,THYROID_CASE_TOTAL_ONLY_COMPOSITIONAL_NO_POPULATION_DENOMINATOR,UNAVAILABLE_IN_OPEN_CI5PLUS_DETAILED_EXPORT,IARC CI5plus Detailed official morphology export,https://ci5.iarc.who.int/ci5plus/download/
New Zealand,NZL,2013,both,1,national,297,236,36,9,5,4,7,297,YES,79.46127946127946,12.121212121212121,3.0303030303030303,1.6835016835016836,1.3468013468013469,2.356902356902357,6.555555555555555,2001-2017_NATIONAL_LATE_QUALITY,MODERATE,YES_LOW_POSTBREAK_INFORMATION,2014,THYROID_CASE_TOTAL_ONLY_COMPOSITIONAL_NO_POPULATION_DENOMINATOR,UNAVAILABLE_IN_OPEN_CI5PLUS_DETAILED_EXPORT,IARC CI5plus Detailed official morphology export,https://ci5.iarc.who.int/ci5plus/download/
New Zealand,NZL,2013,female,1,national,213,174,27,4,3,2,3,213,YES,81.69014084507042,12.67605633802817,1.8779342723004695,1.408450704225352,0.9389671361502347,1.408450704225352,6.444444444444445,2001-2017_NATIONAL_LATE_QUALITY,MODERATE,YES_LOW_POSTBREAK_INFORMATION,2014,THYROID_CASE_TOTAL_ONLY_COMPOSITIONAL_NO_POPULATION_DENOMINATOR,UNAVAILABLE_IN_OPEN_CI5PLUS_DETAILED_EXPORT,IARC CI5plus Detailed official morphology export,https://ci5.iarc.who.int/ci5plus/download/
New Zealand,NZL,2013,male,1,national,84,62,9,5,2,2,4,84,YES,73.80952380952381,10.714285714285714,5.9523809523809526,2.380952380952381,2.380952380952381,4.761904761904762,6.888888888888889,2001-2017_NATIONAL_LATE_QUALITY,MODERATE,YES_LOW_POSTBREAK_INFORMATION,2014,THYROID_CASE_TOTAL_ONLY_COMPOSITIONAL_NO_POPULATION_DENOMINATOR,UNAVAILABLE_IN_OPEN_CI5PLUS_DETAILED_EXPORT,IARC CI5plus Detailed official morphology export,https://ci5.iarc.who.int/ci5plus/download/
New Zealand,NZL,2014,both,1,national,303,241,35,6,4,6,11,303,YES,79.53795379537954,11.551155115511552,1.9801980198019802,1.3201320132013201,1.9801980198019802,3.6303630363036303,6.885714285714286,2001-2017_NATIONAL_LATE_QUALITY,MODERATE,YES_LOW_POSTBREAK_INFORMATION,2014,THYROID_CASE_TOTAL_ONLY_COMPOSITIONAL_NO_POPULATION_DENOMINATOR,UNAVAILABLE_IN_OPEN_CI5PLUS_DETAILED_EXPORT,IARC CI5plus Detailed official morphology export,https://ci5.iarc.who.int/ci5plus/download/
New Zealand,NZL,2014,female,1,national,207,172,18,4,3,4,6,207,YES,83.09178743961353,8.695652173913043,1.932367149758454,1.4492753623188406,1.932367149758454,2.898550724637681,9.555555555555555,2001-2017_NATIONAL_LATE_QUALITY,MODERATE,YES_LOW_POSTBREAK_INFORMATION,2014,THYROID_CASE_TOTAL_ONLY_COMPOSITIONAL_NO_POPULATION_DENOMINATOR,UNAVAILABLE_IN_OPEN_CI5PLUS_DETAILED_EXPORT,IARC CI5plus Detailed official morphology export,https://ci5.iarc.who.int/ci5plus/download/
New Zealand,NZL,2014,male,1,national,96,69,17,2,1,2,5,96,YES,71.875,17.708333333333332,2.0833333333333335,1.0416666666666667,2.0833333333333335,5.208333333333333,4.0588235294117645,2001-2017_NATIONAL_LATE_QUALITY,MODERATE,YES_LOW_POSTBREAK_INFORMATION,2014,THYROID_CASE_TOTAL_ONLY_COMPOSITIONAL_NO_POPULATION_DENOMINATOR,UNAVAILABLE_IN_OPEN_CI5PLUS_DETAILED_EXPORT,IARC CI5plus Detailed official morphology export,https://ci5.iarc.who.int/ci5plus/download/
New Zealand,NZL,2015,both,1,national,315,249,36,8,10,5,7,315,YES,79.04761904761905,11.428571428571429,2.5396825396825395,3.1746031746031744,1.5873015873015872,2.2222222222222223,6.916666666666667,2001-2017_NATIONAL_LATE_QUALITY,MODERATE,YES_LOW_POSTBREAK_INFORMATION,2014,THYROID_CASE_TOTAL_ONLY_COMPOSITIONAL_NO_POPULATION_DENOMINATOR,UNAVAILABLE_IN_OPEN_CI5PLUS_DETAILED_EXPORT,IARC CI5plus Detailed official morphology export,https://ci5.iarc.who.int/ci5plus/download/
New Zealand,NZL,2015,female,1,national,214,176,26,2,5,2,3,214,YES,82.24299065420561,12.149532710280374,0.9345794392523364,2.336448598130841,0.9345794392523364,1.4018691588785046,6.769230769230769,2001-2017_NATIONAL_LATE_QUALITY,MODERATE,YES_LOW_POSTBREAK_INFORMATION,2014,THYROID_CASE_TOTAL_ONLY_COMPOSITIONAL_NO_POPULATION_DENOMINATOR,UNAVAILABLE_IN_OPEN_CI5PLUS_DETAILED_EXPORT,IARC CI5plus Detailed official morphology export,https://ci5.iarc.who.int/ci5plus/download/
New Zealand,NZL,2015,male,1,national,101,73,10,6,5,3,4,101,YES,72.27722772277228,9.900990099009901,5.9405940594059405,4.9504950495049505,2.9702970297029703,3.9603960396039604,7.3,2001-2017_NATIONAL_LATE_QUALITY,MODERATE,YES_LOW_POSTBREAK_INFORMATION,2014,THYROID_CASE_TOTAL_ONLY_COMPOSITIONAL_NO_POPULATION_DENOMINATOR,UNAVAILABLE_IN_OPEN_CI5PLUS_DETAILED_EXPORT,IARC CI5plus Detailed official morphology export,https://ci5.iarc.who.int/ci5plus/download/
New Zealand,NZL,2016,both,1,national,359,286,41,11,11,4,6,359,YES,79.66573816155989,11.420612813370473,3.064066852367688,3.064066852367688,1.1142061281337048,1.6713091922005572,6.975609756097561,2001-2017_NATIONAL_LATE_QUALITY,MODERATE,YES_LOW_POSTBREAK_INFORMATION,2014,THYROID_CASE_TOTAL_ONLY_COMPOSITIONAL_NO_POPULATION_DENOMINATOR,UNAVAILABLE_IN_OPEN_CI5PLUS_DETAILED_EXPORT,IARC CI5plus Detailed official morphology export,https://ci5.iarc.who.int/ci5plus/download/
New Zealand,NZL,2016,female,1,national,262,213,29,4,8,3,5,262,YES,81.29770992366412,11.068702290076336,1.5267175572519085,3.053435114503817,1.1450381679389312,1.9083969465648856,7.344827586206897,2001-2017_NATIONAL_LATE_QUALITY,MODERATE,YES_LOW_POSTBREAK_INFORMATION,2014,THYROID_CASE_TOTAL_ONLY_COMPOSITIONAL_NO_POPULATION_DENOMINATOR,UNAVAILABLE_IN_OPEN_CI5PLUS_DETAILED_EXPORT,IARC CI5plus Detailed official morphology export,https://ci5.iarc.who.int/ci5plus/download/
New Zealand,NZL,2016,male,1,national,97,73,12,7,3,1,1,97,YES,75.25773195876289,12.371134020618557,7.216494845360825,3.0927835051546393,1.0309278350515463,1.0309278350515463,6.083333333333333,2001-2017_NATIONAL_LATE_QUALITY,MODERATE,YES_LOW_POSTBREAK_INFORMATION,2014,THYROID_CASE_TOTAL_ONLY_COMPOSITIONAL_NO_POPULATION_DENOMINATOR,UNAVAILABLE_IN_OPEN_CI5PLUS_DETAILED_EXPORT,IARC CI5plus Detailed official morphology export,https://ci5.iarc.who.int/ci5plus/download/
New Zealand,NZL,2017,both,1,national,326,264,43,8,4,5,2,326,YES,80.98159509202453,13.190184049079754,2.4539877300613497,1.2269938650306749,1.5337423312883436,0.6134969325153374,6.1395348837209305,2001-2017_NATIONAL_LATE_QUALITY,MODERATE,YES_LOW_POSTBREAK_INFORMATION,2014,THYROID_CASE_TOTAL_ONLY_COMPOSITIONAL_NO_POPULATION_DENOMINATOR,UNAVAILABLE_IN_OPEN_CI5PLUS_DETAILED_EXPORT,IARC CI5plus Detailed official morphology export,https://ci5.iarc.who.int/ci5plus/download/
New Zealand,NZL,2017,female,1,national,224,183,31,4,2,2,2,224,YES,81.69642857142857,13.839285714285714,1.7857142857142858,0.8928571428571429,0.8928571428571429,0.8928571428571429,5.903225806451613,2001-2017_NATIONAL_LATE_QUALITY,MODERATE,YES_LOW_POSTBREAK_INFORMATION,2014,THYROID_CASE_TOTAL_ONLY_COMPOSITIONAL_NO_POPULATION_DENOMINATOR,UNAVAILABLE_IN_OPEN_CI5PLUS_DETAILED_EXPORT,IARC CI5plus Detailed official morphology export,https://ci5.iarc.who.int/ci5plus/download/
New Zealand,NZL,2017,male,1,national,102,81,12,4,2,3,0,102,YES,79.41176470588235,11.764705882352942,3.9215686274509802,1.9607843137254901,2.9411764705882355,0.0,6.75,2001-2017_NATIONAL_LATE_QUALITY,MODERATE,YES_LOW_POSTBREAK_INFORMATION,2014,THYROID_CASE_TOTAL_ONLY_COMPOSITIONAL_NO_POPULATION_DENOMINATOR,UNAVAILABLE_IN_OPEN_CI5PLUS_DETAILED_EXPORT,IARC CI5plus Detailed official morphology export,https://ci5.iarc.who.int/ci5plus/download/
